time,x_est,y_est,z_est,x_sp,y_sp,z_sp
15977,-0.232983,-0.0708981,-1.14588,0,0,-1.5
15977,-0.233406,-0.0720575,-1.14542,0,0,-4
15977,-0.233614,-0.0726152,-1.14521,0,0,-4
15977,-0.233816,-0.0731634,-1.14501,0,0,-4
15977,-0.234011,-0.0737024,-1.14481,0,0,-4
15977,-0.234808,-0.0746804,-1.14345,0,0,-4
15977,-0.235189,-0.0751526,-1.14282,0,0,-4
15977,-0.23556,-0.0756138,-1.14221,0,0,-4
15977,-0.23592,-0.0760644,-1.14161,0,0,-4
15977.1,-0.236588,-0.07693,-1.14046,0,0,-4
15977.1,-0.236893,-0.0773479,-1.1399,0,0,-4
15977.1,-0.237189,-0.0777557,-1.13936,0,0,-4
15977.1,-0.237476,-0.0781535,-1.13886,0,0,-4
15977.1,-0.237755,-0.0785414,-1.13837,-0.238041,-0.0842088,-1.12353
15977.1,-0.238293,-0.0792896,-1.13741,-0.238041,-0.0842087,-1.12353
15977.1,-0.238541,-0.079664,-1.1368,-0.238039,-0.084208,-1.12356
15977.1,-0.238759,-0.0800258,-1.13632,-0.238033,-0.084206,-1.12362
15977.1,-0.23901,-0.0806282,-1.13551,-0.238023,-0.0842023,-1.12375
15977.1,-0.239064,-0.0808555,-1.13512,-0.238006,-0.0841961,-1.12396
15977.2,-0.239126,-0.0810646,-1.13474,-0.23798,-0.0841871,-1.12427
15977.2,-0.23918,-0.0812888,-1.13436,-0.237945,-0.0841746,-1.1247
15977.2,-0.239253,-0.0817246,-1.13367,-0.237898,-0.0841581,-1.12526
15977.2,-0.239298,-0.0819135,-1.13336,-0.237839,-0.0841371,-1.12598
15977.2,-0.239344,-0.0821149,-1.13305,-0.237766,-0.0841113,-1.12686
15977.2,-0.239381,-0.0823177,-1.13275,-0.237677,-0.08408,-1.12793
15977.2,-0.239448,-0.0827034,-1.13218,-0.237572,-0.0840429,-1.1292
15977.2,-0.239478,-0.0828874,-1.13193,-0.23745,-0.0839995,-1.13068
15977.2,-0.239507,-0.0830632,-1.13169,-0.237308,-0.0839494,-1.13239
15977.2,-0.239533,-0.0832326,-1.13145,-0.237147,-0.0838923,-1.13434
15977.3,-0.239611,-0.0835149,-1.131,-0.236964,-0.0838277,-1.13655
15977.3,-0.239581,-0.0835776,-1.13026,-0.23676,-0.0837553,-1.13902
15977.3,-0.239554,-0.083635,-1.12953,-0.236532,-0.0836748,-1.14177
15977.3,-0.239528,-0.0836886,-1.12886,-0.23628,-0.0835858,-1.14481
15977.3,-0.239482,-0.0837861,-1.12755,-0.236004,-0.083488,-1.14815
15977.3,-0.239461,-0.0838301,-1.12692,-0.235702,-0.0833811,-1.1518
15977.3,-0.239442,-0.0838691,-1.12631,-0.235373,-0.0832648,-1.15578
15977.3,-0.239424,-0.083906,-1.12571,-0.235017,-0.0831388,-1.16008
15977.3,-0.239459,-0.0839559,-1.12462,-0.234633,-0.083003,-1.16472
15977.4,-0.239479,-0.0839751,-1.12409,-0.23422,-0.0828571,-1.1697
15977.4,-0.23949,-0.0839941,-1.12357,-0.233778,-0.0827007,-1.17504
15977.4,-0.239503,-0.0840085,-1.12307,-0.233307,-0.0825338,-1.18074
15977.4,-0.23953,-0.0840308,-1.12213,-0.232804,-0.0823562,-1.18681
15977.4,-0.239388,-0.0840402,-1.12223,-0.232271,-0.0821676,-1.19325
15977.4,-0.239249,-0.0840494,-1.12232,-0.231707,-0.0819678,-1.20008
15977.4,-0.239136,-0.0840649,-1.12241,-0.23111,-0.0817568,-1.20728
15977.4,-0.238922,-0.0840931,-1.12258,-0.230481,-0.0815344,-1.21488
15977.4,-0.238822,-0.0841052,-1.12269,-0.22982,-0.0813005,-1.22287
15977.4,-0.238726,-0.0841157,-1.12279,-0.229126,-0.0810549,-1.23126
15977.5,-0.238634,-0.0841233,-1.12288,-0.228398,-0.0807975,-1.24005
15977.5,-0.238461,-0.0841376,-1.12306,-0.227637,-0.0805283,-1.24925
15977.5,-0.238371,-0.0841535,-1.12315,-0.226842,-0.0802471,-1.25886
15977.5,-0.238283,-0.08417,-1.12323,-0.226014,-0.0799539,-1.26887
15977.5,-0.2382,-0.0841831,-1.12333,-0.225151,-0.0796487,-1.27929
15977.5,-0.238041,-0.0842088,-1.12353,-0.224254,-0.0793314,-1.29013
15977.5,-0.237968,-0.084218,-1.12362,-0.223323,-0.079002,-1.30139
15977.5,-0.237629,-0.0836786,-1.12303,-0.222357,-0.0786604,-1.31305
15977.5,-0.237302,-0.0831478,-1.12244,-0.221357,-0.0783067,-1.32514
15977.5,-0.236694,-0.0820841,-1.12137,-0.220323,-0.0779408,-1.33764
15977.6,-0.23641,-0.0815534,-1.12085,-0.219254,-0.0775628,-1.35055
15977.6,-0.236139,-0.0810307,-1.12034,-0.218152,-0.0771727,-1.36387
15977.6,-0.235879,-0.0805124,-1.11984,-0.217015,-0.0767705,-1.37761
15977.6,-0.235385,-0.0794986,-1.11889,-0.215844,-0.0763562,-1.39176
15977.6,-0.235152,-0.0790003,-1.11844,-0.214639,-0.07593,-1.40632
15977.6,-0.234929,-0.0785063,-1.11801,-0.2134,-0.0754919,-1.42129
15977.6,-0.234714,-0.07802,-1.11758,-0.212128,-0.0750419,-1.43666
15977.6,-0.234273,-0.0770639,-1.11674,-0.210823,-0.0745802,-1.45243
15977.6,-0.234066,-0.0765916,-1.11636,-0.209485,-0.0741068,-1.4686
15977.6,-0.233865,-0.0761261,-1.11598,-0.208114,-0.0736218,-1.48517
15977.7,-0.233866,-0.0758314,-1.11488,-0.206711,-0.0731254,-1.50212
15977.7,-0.23388,-0.0752464,-1.11274,-0.205275,-0.0726176,-1.51947
15977.7,-0.233891,-0.074957,-1.11171,-0.203809,-0.0720987,-1.5372
15977.7,-0.233905,-0.0746703,-1.11069,-0.20231,-0.0715687,-1.5553
15977.7,-0.233897,-0.074384,-1.10974,-0.200781,-0.0710277,-1.57378
15977.7,-0.233892,-0.0738147,-1.10788,-0.199222,-0.070476,-1.59262
15977.7,-0.233893,-0.0735343,-1.10698,-0.197632,-0.0699137,-1.61183
15977.7,-0.233896,-0.0732558,-1.1061,-0.196013,-0.0693409,-1.6314
15977.7,-0.233902,-0.0729793,-1.10524,-0.194365,-0.0687579,-1.65131
15977.7,-0.233923,-0.0724294,-1.10364,-0.192688,-0.0681648,-1.67157
15977.8,-0.233936,-0.0721587,-1.10286,-0.190984,-0.0675618,-1.69217
15977.8,-0.233971,-0.0718991,-1.10209,-0.189252,-0.0669491,-1.7131
15977.8,-0.233269,-0.0716706,-1.10176,-0.187493,-0.0663269,-1.73435
15977.8,-0.231915,-0.0712215,-1.10113,-0.185708,-0.0656954,-1.75592
15977.8,-0.231261,-0.0709996,-1.10084,-0.183897,-0.0650549,-1.7778
15977.8,-0.230622,-0.0707824,-1.10056,-0.182061,-0.0644055,-1.79999
15977.8,-0.229996,-0.070568,-1.10028,-0.180201,-0.0637474,-1.82246
15977.8,-0.228787,-0.0701471,-1.09973,-0.178317,-0.063081,-1.84523
15977.8,-0.228212,-0.0699462,-1.09949,-0.176411,-0.0624065,-1.86827
15977.8,-0.227651,-0.0697465,-1.09926,-0.174481,-0.061724,-1.89158
15977.9,-0.227101,-0.0695511,-1.09903,-0.172531,-0.0610339,-1.91516
15977.9,-0.226035,-0.0691675,-1.09858,-0.170559,-0.0603364,-1.93898
15977.9,-0.225519,-0.0689791,-1.09836,-0.168567,-0.0596317,-1.96305
15977.9,-0.225014,-0.068793,-1.09814,-0.166556,-0.0589202,-1.98736
15977.9,-0.224519,-0.068609,-1.09796,-0.164525,-0.058202,-2.01189
15977.9,-0.224519,-0.0685696,-1.09819,-0.162477,-0.0574776,-2.03664
15977.9,-0.224512,-0.0685592,-1.0983,-0.160412,-0.056747,-2.06159
15977.9,-0.224504,-0.0685475,-1.0984,-0.158331,-0.0560107,-2.08674
15977.9,-0.224495,-0.0685347,-1.0985,-0.156234,-0.0552688,-2.11208
15977.9,-0.224475,-0.0685055,-1.09873,-0.154122,-0.0545218,-2.1376
15978,-0.224464,-0.0684892,-1.09884,-0.151996,-0.0537698,-2.16329
15978,-0.224456,-0.0684719,-1.09894,-0.149858,-0.0530132,-2.18913
15978,-0.224435,-0.0684382,-1.09904,-0.147707,-0.0522523,-2.21512
15978,-0.224391,-0.0683716,-1.09925,-0.145544,-0.0514873,-2.24125
15978,-0.224369,-0.0683369,-1.09937,-0.143371,-0.0507186,-2.26751
15978,-0.224346,-0.0683011,-1.09947,-0.141189,-0.0499465,-2.29389
15978,-0.224344,-0.0682778,-1.09949,-0.138997,-0.0491712,-2.32037
15978,-0.223743,-0.0676828,-1.09908,-0.136798,-0.0483932,-2.34695
15978,-0.223449,-0.0673835,-1.09895,-0.134591,-0.0476126,-2.37361
15978,-0.223174,-0.0670805,-1.09883,-0.132378,-0.0468298,-2.40035
15978.1,-0.222904,-0.0667981,-1.09869,-0.13016,-0.0460451,-2.42715
15978.1,-0.222378,-0.0662134,-1.09845,-0.127938,-0.0452589,-2.45401
15978.1,-0.222135,-0.0659149,-1.09833,-0.125712,-0.0444713,-2.48091
15978.1,-0.221887,-0.0656365,-1.09821,-0.123483,-0.0436829,-2.50784
15978.1,-0.221643,-0.0653644,-1.09812,-0.121252,-0.0428938,-2.5348
15978.1,-0.221406,-0.0650951,-1.09803,-0.119021,-0.0421044,-2.56176
15978.1,-0.220959,-0.0645678,-1.09785,-0.116789,-0.041315,-2.58873
15978.1,-0.220749,-0.0643097,-1.09776,-0.114559,-0.0405259,-2.61568
15978.1,-0.220545,-0.0640531,-1.09767,-0.11233,-0.0397374,-2.64262
15978.1,-0.219885,-0.063273,-1.09813,-0.110104,-0.0389499,-2.66952
15978.2,-0.219432,-0.0627553,-1.09863,-0.107881,-0.0381637,-2.69637
15978.2,-0.218996,-0.062241,-1.09912,-0.105663,-0.037379,-2.72318
15978.2,-0.218569,-0.0617338,-1.0996,-0.10345,-0.0365962,-2.74992
15978.2,-0.217762,-0.0607357,-1.10054,-0.101244,-0.0358156,-2.77658
15978.2,-0.21737,-0.0602459,-1.10101,-0.0990441,-0.0350376,-2.80316
15978.2,-0.216988,-0.0597594,-1.10146,-0.0968526,-0.0342623,-2.82964
15978.2,-0.216613,-0.0592792,-1.1019,-0.09467,-0.0334902,-2.85602
15978.2,-0.215888,-0.0583311,-1.10275,-0.092497,-0.0327215,-2.88227
15978.2,-0.215537,-0.057863,-1.10318,-0.0903346,-0.0319565,-2.9084
15978.2,-0.215193,-0.0574004,-1.1036,-0.0881836,-0.0311956,-2.9344
15978.3,-0.214856,-0.056942,-1.10401,-0.0860448,-0.030439,-2.96024
15978.3,-0.214249,-0.0560565,-1.1048,-0.0839192,-0.029687,-2.98593
15978.3,-0.213988,-0.0557911,-1.10463,-0.0818074,-0.02894,-3.01145
15978.3,-0.213733,-0.0555293,-1.10445,-0.0797104,-0.0281981,-3.03679
15978.3,-0.213486,-0.055267,-1.10431,-0.0776289,-0.0274618,-3.06194
15978.3,-0.21301,-0.0547495,-1.10404,-0.0755638,-0.0267312,-3.08689
15978.3,-0.212783,-0.0544916,-1.10391,-0.0735159,-0.0260068,-3.11164
15978.3,-0.212561,-0.0542372,-1.10378,-0.0714858,-0.0252886,-3.13617
15978.3,-0.21236,-0.0539978,-1.10365,-0.0694744,-0.0245771,-3.16048
15978.3,-0.211973,-0.0535261,-1.10346,-0.0674825,-0.0238724,-3.18455
15978.4,-0.21179,-0.0532911,-1.10337,-0.0655108,-0.0231749,-3.20837
15978.4,-0.211611,-0.0530597,-1.10328,-0.0635599,-0.0224848,-3.23195
15978.4,-0.211438,-0.052829,-1.10319,-0.0616308,-0.0218023,-3.25526
15978.4,-0.211108,-0.0523715,-1.10304,-0.0597239,-0.0211278,-3.2783
15978.4,-0.210185,-0.0523611,-1.10396,-0.0578401,-0.0204614,-3.30106
15978.4,-0.209298,-0.0523461,-1.10486,-0.05598,-0.0198033,-3.32354
15978.4,-0.208429,-0.0523299,-1.10573,-0.0541443,-0.0191539,-3.34572
15978.4,-0.206755,-0.0522856,-1.10742,-0.0523336,-0.0185134,-3.36761
15978.4,-0.205945,-0.0522604,-1.10825,-0.0505485,-0.0178819,-3.38918
15978.5,-0.205155,-0.0522325,-1.10906,-0.0487897,-0.0172597,-3.41043
15978.5,-0.204383,-0.0521996,-1.10985,-0.0470577,-0.016647,-3.43136
15978.5,-0.202889,-0.0521294,-1.11137,-0.0453531,-0.016044,-3.45196
15978.5,-0.202171,-0.0520884,-1.1121,-0.0436765,-0.0154509,-3.47222
15978.5,-0.20147,-0.0520428,-1.11282,-0.0420284,-0.0148678,-3.49213
15978.5,-0.200783,-0.0519962,-1.11354,-0.0404093,-0.0142951,-3.5117
15978.5,-0.199453,-0.0518973,-1.11492,-0.0388198,-0.0137328,-3.53091
15978.5,-0.198811,-0.0518422,-1.11558,-0.0372602,-0.0131811,-3.54975
15978.5,-0.198469,-0.0514062,-1.11651,-0.0357311,-0.0126401,-3.56823
15978.5,-0.198133,-0.0509753,-1.11742,-0.0342328,-0.0121101,-3.58633
15978.5,-0.19748,-0.0500901,-1.1192,-0.0327659,-0.0115912,-3.60406
15978.6,-0.197173,-0.04962,-1.12005,-0.0313306,-0.0110834,-3.6214
15978.6,-0.196893,-0.0491277,-1.12089,-0.0299273,-0.010587,-3.63836
15978.6,-0.196644,-0.048609,-1.1217,-0.0285564,-0.010102,-3.65493
15978.6,-0.19625,-0.047469,-1.12328,-0.0272182,-0.00962863,-3.6711
15978.6,-0.196112,-0.0468386,-1.12405,-0.025913,-0.0091669,-3.68687
15978.6,-0.196015,-0.0461628,-1.1248,-0.024641,-0.00871693,-3.70224
15978.6,-0.195934,-0.0454317,-1.12553,-0.0234025,-0.00827879,-3.71721
15978.6,-0.195908,-0.0438125,-1.12694,-0.0221976,-0.00785257,-3.73177
15978.6,-0.195964,-0.0429202,-1.12764,-0.0210267,-0.00743833,-3.74592
15978.7,-0.196066,-0.0419704,-1.12831,-0.0198897,-0.00703613,-3.75965
15978.7,-0.196931,-0.041117,-1.12855,-0.0187869,-0.00664599,-3.77298
15978.7,-0.198783,-0.0392359,-1.12901,-0.0177183,-0.00626798,-3.78589
15978.7,-0.199821,-0.0382176,-1.12922,-0.016684,-0.0059021,-3.79839
15978.7,-0.200859,-0.0371074,-1.12945,-0.0156841,-0.00554837,-3.81047
15978.7,-0.201953,-0.0359396,-1.1297,-0.0147186,-0.0052068,-3.82214
15978.7,-0.204278,-0.0334444,-1.13019,-0.0137873,-0.00487737,-3.83339
15978.7,-0.205494,-0.0321243,-1.13043,-0.0128904,-0.00456007,-3.84423
15978.7,-0.206736,-0.0307608,-1.13067,-0.0120276,-0.00425486,-3.85466
15978.7,-0.208,-0.029357,-1.1309,-0.0111989,-0.0039617,-3.86467
15978.8,-0.210582,-0.0264282,-1.13138,-0.0104042,-0.00368054,-3.87428
15978.8,-0.211784,-0.0248318,-1.13159,-0.00964309,-0.00341132,-3.88347
15978.8,-0.212793,-0.0232302,-1.13175,-0.00891554,-0.00315394,-3.89227
15978.8,-0.21393,-0.0213583,-1.13136,-0.00822124,-0.00290832,-3.90066
15978.8,-0.216682,-0.0175046,-1.13056,-0.00755991,-0.00267437,-3.90865
15978.8,-0.217853,-0.0151742,-1.13014,-0.00693117,-0.00245195,-3.91624
15978.9,-0.218674,-0.0130271,-1.12972,-0.00633472,-0.00224096,-3.92345
15978.9,-0.219575,-0.0110554,-1.12937,-0.00577015,-0.00204123,-3.93027
15978.9,-0.22201,-0.00734412,-1.12888,-0.00523698,-0.00185262,-3.93672
15978.9,-0.223001,-0.00518361,-1.12867,-0.00473477,-0.00167496,-3.94279
15978.9,-0.223686,-0.00314672,-1.12849,-0.004263,-0.00150806,-3.94849
15978.9,-0.224432,-0.00115247,-1.12838,-0.0038211,-0.00135174,-3.95383
15978.9,-0.226488,0.00282446,-1.1284,-0.00340849,-0.00120578,-3.95881
15978.9,-0.227661,0.00484415,-1.12852,-0.00302453,-0.00106995,-3.96345
15978.9,-0.228493,0.00700595,-1.12869,-0.00266856,-0.000944026,-3.96775
15978.9,-0.229226,0.00912362,-1.12895,-0.00233984,-0.000827737,-3.97173
15979,-0.230323,0.0125794,-1.12856,-0.00203763,-0.000720829,-3.97538
15979,-0.230942,0.0142111,-1.12854,-0.00176114,-0.00062301,-3.97872
15979,-0.231566,0.0157906,-1.12861,-0.00150949,-0.000533991,-3.98176
15979,-0.232147,0.0173207,-1.12879,-0.00128181,-0.00045345,-3.98451
15979,-0.233048,0.0202339,-1.12944,-0.00107719,-0.000381067,-3.98698
15979,-0.23334,0.0216156,-1.12987,-0.000894651,-0.000316486,-3.98919
15979,-0.233521,0.0229443,-1.13035,-0.000733152,-0.000259362,-3.99114
15979,-0.233612,0.0242454,-1.13089,-0.000591636,-0.000209294,-3.99285
15979,-0.23351,0.0266895,-1.13212,-0.000469014,-0.000165917,-3.99433
15979,-0.233341,0.0278363,-1.1328,-0.000364095,-0.000128798,-3.9956
15979.1,-0.233106,0.0289371,-1.13351,-0.000275686,-9.75206e-05,-3.99667
15979.1,-0.232815,0.0299954,-1.13424,-0.000202537,-7.16522e-05,-3.99755
15979.1,-0.23118,0.0320176,-1.13504,-0.000143349,-5.07087e-05,-3.99827
15979.1,-0.230316,0.032973,-1.1355,-9.6783e-05,-3.42354e-05,-3.99883
15979.1,-0.229441,0.0338865,-1.13598,-6.14077e-05,-2.17259e-05,-3.99926
15979.1,-0.228547,0.0347708,-1.13647,-3.58075e-05,-1.2666e-05,-3.99957
15979.1,-0.226727,0.036464,-1.13748,-1.84774e-05,-6.53416e-06,-3.99978
15979.1,-0.225809,0.0372787,-1.13799,-7.85291e-06,-2.77907e-06,-3.99991
15979.1,-0.224891,0.0380755,-1.13851,-2.33948e-06,-8.27014e-07,-3.99997
15979.1,-0.223975,0.0388567,-1.13905,-2.98023e-07,-1.04308e-07,-4
15979.2,-0.223065,0.0396238,-1.13958,0,0,-4
15979.2,-0.221267,0.0411062,-1.14063,0.0239618,-0.00695468,-3.9715
15979.2,-0.220384,0.04183,-1.14114,0.0239642,-0.00695219,-3.9715
15979.2,-0.219512,0.0425428,-1.14163,0.0239812,-0.00693491,-3.9715
15979.2,-0.218547,0.0436514,-1.14224,0.024027,-0.00688846,-3.9715
15979.2,-0.218436,0.0440492,-1.14233,0.0241152,-0.0067989,-3.9715
15979.2,-0.218319,0.0444376,-1.14241,0.0242591,-0.00665273,-3.97151
15979.2,-0.218196,0.0448158,-1.14247,0.0244716,-0.00643689,-3.97151
15979.2,-0.217963,0.045528,-1.1426,0.0247651,-0.00613874,-3.97151
15979.2,-0.217836,0.0458625,-1.14265,0.0251518,-0.00574606,-3.97152
15979.3,-0.217703,0.0461803,-1.1427,0.0256431,-0.00524706,-3.97153
15979.3,-0.217562,0.0464799,-1.14272,0.0262503,-0.00463037,-3.97154
15979.3,-0.217256,0.0470202,-1.14274,0.0269841,-0.00388502,-3.97155
15979.3,-0.21709,0.04726,-1.14275,0.0278551,-0.00300044,-3.97156
15979.3,-0.216917,0.0474794,-1.14276,0.0288731,-0.00196649,-3.97157
15979.3,-0.216767,0.0476657,-1.14275,0.0300478,-0.000773387,-3.97159
15979.3,-0.216443,0.0479817,-1.1427,0.0313885,0.000588222,-3.97161
15979.3,-0.216574,0.0479741,-1.14388,0.0329039,0.00212732,-3.97163
15979.3,-0.21669,0.0479509,-1.14503,0.0346025,0.0038525,-3.97166
15979.3,-0.216792,0.0479121,-1.14616,0.0364924,0.00577199,-3.97168
15979.4,-0.216951,0.0477888,-1.14832,0.0385813,0.00789361,-3.97171
15979.4,-0.217008,0.0477113,-1.14936,0.0408767,0.0102249,-3.97175
15979.4,-0.21705,0.0476189,-1.15036,0.0433854,0.0127728,-3.97178
15979.4,-0.217081,0.0475118,-1.15133,0.0461141,0.0155443,-3.97182
15979.4,-0.217103,0.0472543,-1.15324,0.0490692,0.0185455,-3.97186
15979.4,-0.217096,0.0471046,-1.15416,0.0522565,0.0217827,-3.97191
15979.4,-0.217077,0.0469417,-1.15506,0.0556816,0.0252615,-3.97196
15979.4,-0.217046,0.0467659,-1.15593,0.0593499,0.0289871,-3.97201
15979.4,-0.216936,0.0463809,-1.15763,0.0632662,0.0329647,-3.97207
15979.4,-0.21648,0.0458814,-1.15792,0.0674352,0.0371989,-3.97213
15979.5,-0.216022,0.0453752,-1.1582,0.0718611,0.0416941,-3.97219
15979.5,-0.215561,0.0448624,-1.15848,0.0765479,0.0464542,-3.97226
15979.5,-0.214631,0.0438185,-1.15902,0.0814991,0.0514829,-3.97233
15979.5,-0.214161,0.0432874,-1.15931,0.0867183,0.0567837,-3.97241
15979.5,-0.21369,0.0427506,-1.15959,0.0922083,0.0623596,-3.97249
15979.5,-0.213215,0.0422081,-1.15987,0.0979719,0.0682133,-3.97257
15979.5,-0.21229,0.041101,-1.16041,0.104011,0.0743474,-3.97266
15979.5,-0.211824,0.0405393,-1.16067,0.110329,0.080764,-3.97275
15979.5,-0.211356,0.0399729,-1.16093,0.116927,0.0874649,-3.97284
15979.5,-0.210886,0.0394022,-1.16121,0.123806,0.0944517,-3.97294
15979.6,-0.209944,0.0382485,-1.16176,0.130968,0.101726,-3.97305
15979.6,-0.209471,0.0376659,-1.16203,0.138414,0.109288,-3.97315
15979.6,-0.208739,0.0364576,-1.16303,0.146144,0.117139,-3.97326
15979.6,-0.20801,0.035259,-1.16401,0.15416,0.12528,-3.97338
15979.6,-0.206566,0.0328909,-1.16595,0.16246,0.133711,-3.9735
15979.6,-0.205849,0.0317212,-1.16689,0.171046,0.142431,-3.97362
15979.6,-0.205137,0.0305605,-1.16781,0.179916,0.15144,-3.97375
15979.6,-0.204429,0.0294084,-1.16872,0.189071,0.160738,-3.97388
15979.6,-0.203027,0.0271287,-1.17049,0.198509,0.170324,-3.97402
15979.7,-0.202335,0.0260007,-1.17135,0.20823,0.180196,-3.97416
15979.7,-0.201648,0.024881,-1.1722,0.218231,0.190354,-3.9743
15979.7,-0.200965,0.0237697,-1.17303,0.228513,0.200796,-3.97445
15979.7,-0.199614,0.0215716,-1.17465,0.239072,0.211521,-3.9746
15979.7,-0.198945,0.020485,-1.17545,0.249907,0.222525,-3.97476
15979.7,-0.198282,0.0194068,-1.17623,0.261016,0.233808,-3.97492
15979.7,-0.197655,0.0182988,-1.17737,0.272396,0.245366,-3.97509
15979.7,-0.196411,0.0161121,-1.17959,0.284044,0.257197,-3.97525
15979.7,-0.195795,0.0150336,-1.18065,0.295959,0.269298,-3.97543
15979.7,-0.195185,0.0139656,-1.1817,0.308137,0.281666,-3.9756
15979.8,-0.194581,0.0129082,-1.18273,0.320574,0.294298,-3.97578
15979.8,-0.193393,0.0108256,-1.18472,0.333268,0.307191,-3.97596
15979.8,-0.19281,0.00980052,-1.18568,0.346214,0.32034,-3.97615
15979.8,-0.192233,0.00878614,-1.18662,0.359409,0.333741,-3.97634
15979.8,-0.191656,0.00778428,-1.18753,0.37285,0.347392,-3.97653
15979.8,-0.190522,0.00581222,-1.18932,0.386531,0.361287,-3.97673
15979.8,-0.189966,0.00484194,-1.19017,0.400449,0.375423,-3.97693
15979.8,-0.189418,0.0038822,-1.19101,0.414599,0.389794,-3.97714
15979.8,-0.189022,0.00314434,-1.19166,0.428977,0.404397,-3.97734
15979.8,-0.188244,0.00168727,-1.19294,0.443577,0.419226,-3.97755
15979.9,-0.187862,0.000968473,-1.19355,0.458395,0.434276,-3.97777
15979.9,-0.187485,0.000256391,-1.19415,0.473427,0.449542,-3.97798
15979.9,-0.187101,-0.000448481,-1.19473,0.488665,0.46502,-3.9782
15979.9,-0.186349,-0.00183811,-1.19583,0.504106,0.480702,-3.97843
15979.9,-0.185981,-0.00252287,-1.19637,0.519744,0.496585,-3.97865
15979.9,-0.185617,-0.00320082,-1.19689,0.535574,0.512662,-3.97888
15979.9,-0.18526,-0.00387193,-1.19739,0.551588,0.528927,-3.97911
15979.9,-0.184561,-0.00519432,-1.19834,0.567782,0.545374,-3.97935
15979.9,-0.18422,-0.00584611,-1.19879,0.58415,0.561998,-3.97958
15979.9,-0.183879,-0.0064902,-1.19922,0.600686,0.578792,-3.97982
15980,-0.183545,-0.00712822,-1.19966,0.617383,0.595751,-3.98006
15980,-0.18161,-0.00859334,-1.19917,0.634235,0.612866,-3.9803
15980,-0.180673,-0.00931571,-1.19893,0.651235,0.630133,-3.98055
15980,-0.179756,-0.010031,-1.19868,0.668378,0.647544,-3.9808
15980,-0.178857,-0.010739,-1.19844,0.685657,0.665093,-3.98105
15980,-0.177118,-0.0121334,-1.19799,0.703065,0.682773,-3.9813
15980,-0.176271,-0.0128196,-1.19776,0.720595,0.700578,-3.98155
15980,-0.175443,-0.013499,-1.19753,0.738241,0.7185,-3.9818
15980,-0.174632,-0.0141719,-1.1973,0.755995,0.736532,-3.98206
15980,-0.173059,-0.0154997,-1.19687,0.773851,0.754667,-3.98232
15980.1,-0.172296,-0.0161548,-1.19667,0.791801,0.772898,-3.98258
15980.1,-0.171549,-0.016804,-1.19646,0.80984,0.791219,-3.98284
15980.1,-0.170817,-0.0174468,-1.19626,0.827959,0.809621,-3.9831
15980.1,-0.168947,-0.0190163,-1.19546,0.846151,0.828098,-3.98336
15980.1,-0.168045,-0.0197842,-1.19509,0.864409,0.846642,-3.98362
15980.1,-0.167165,-0.0205412,-1.19473,0.882726,0.865246,-3.98389
15980.1,-0.166306,-0.0212877,-1.19438,0.901095,0.883902,-3.98415
15980.1,-0.16465,-0.0227508,-1.1937,0.919508,0.902603,-3.98442
15980.1,-0.163853,-0.0234674,-1.19337,0.937958,0.921342,-3.98468
15980.1,-0.163076,-0.0241742,-1.19305,0.956438,0.940111,-3.98495
15980.2,-0.162325,-0.0248716,-1.19275,0.97494,0.958902,-3.98522
15980.2,-0.161594,-0.025559,-1.19247,0.993457,0.977709,-3.98548
15980.2,-0.160189,-0.0269045,-1.19193,1.01198,0.996523,-3.98575
15980.2,-0.159515,-0.0275633,-1.19168,1.03051,1.01534,-3.98602
15980.2,-0.158859,-0.0282131,-1.19143,1.04902,1.03414,-3.98629
15980.2,-0.157738,-0.0297008,-1.19207,1.06752,1.05293,-3.98655
15980.2,-0.157273,-0.0305334,-1.19291,1.086,1.0717,-3.98682
15980.2,-0.156833,-0.0313565,-1.19373,1.10445,1.09044,-3.98708
15980.2,-0.15641,-0.0321656,-1.19454,1.12287,1.10914,-3.98735
15980.2,-0.155613,-0.0337424,-1.19613,1.14124,1.1278,-3.98762
15980.3,-0.155239,-0.0345108,-1.19692,1.15955,1.1464,-3.98788
15980.3,-0.154882,-0.0352665,-1.19769,1.17781,1.16495,-3.98814
15980.3,-0.154541,-0.03601,-1.19845,1.196,1.18342,-3.9884
15980.3,-0.153905,-0.0374612,-1.19994,1.21412,1.20183,-3.98867
15980.3,-0.153616,-0.0381684,-1.20068,1.23216,1.22015,-3.98893
15980.3,-0.153343,-0.038864,-1.20141,1.25011,1.23838,-3.98919
15980.3,-0.153084,-0.0395484,-1.20213,1.26797,1.25651,-3.98944
15980.3,-0.15261,-0.0408838,-1.20353,1.28572,1.27455,-3.9897
15980.3,-0.152556,-0.0415781,-1.20458,1.30337,1.29247,-3.98995
15980.3,-0.152513,-0.0422648,-1.20561,1.3209,1.31027,-3.99021
15980.4,-0.152479,-0.0429442,-1.20663,1.3383,1.32795,-3.99046
15980.4,-0.152436,-0.0442805,-1.2086,1.35558,1.3455,-3.99071
15980.4,-0.152429,-0.0449379,-1.20956,1.37273,1.36291,-3.99095
15980.4,-0.152431,-0.0455884,-1.2105,1.38973,1.38018,-3.9912
15980.4,-0.152442,-0.0462321,-1.21142,1.40658,1.39729,-3.99144
15980.4,-0.15249,-0.0474998,-1.21322,1.42328,1.41425,-3.99168
15980.4,-0.152527,-0.048124,-1.21409,1.43981,1.43105,-3.99192
15980.4,-0.152572,-0.0487418,-1.21494,1.45618,1.44767,-3.99216
15980.4,-0.152622,-0.0493534,-1.21576,1.47237,1.46412,-3.99239
15980.4,-0.152745,-0.0505572,-1.21737,1.48839,1.48038,-3.99262
15980.5,-0.152301,-0.0513676,-1.21819,1.50422,1.49646,-3.99285
15980.5,-0.151874,-0.0521672,-1.21898,1.51986,1.51234,-3.99308
15980.5,-0.151463,-0.052956,-1.21976,1.5353,1.52803,-3.9933
15980.5,-0.150686,-0.0545021,-1.22124,1.55053,1.5435,-3.99352
15980.5,-0.15032,-0.0552596,-1.22195,1.56557,1.55877,-3.99373
15980.5,-0.149987,-0.0560104,-1.22265,1.58038,1.57382,-3.99395
15980.5,-0.149667,-0.056751,-1.22332,1.59499,1.58865,-3.99416
15980.5,-0.149064,-0.0582021,-1.2246,1.60936,1.60325,-3.99437
15980.5,-0.14878,-0.058913,-1.2252,1.62351,1.61762,-3.99457
15980.5,-0.148508,-0.0596145,-1.22579,1.63743,1.63176,-3.99477
15980.6,-0.148247,-0.0603068,-1.22636,1.65111,1.64565,-3.99497
15980.6,-0.147759,-0.0616639,-1.22745,1.66455,1.6593,-3.99516
15980.6,-0.147532,-0.062327,-1.22796,1.67775,1.67271,-3.99535
15980.6,-0.146807,-0.0620401,-1.22839,1.69069,1.68585,-3.99554
15980.6,-0.146104,-0.0617583,-1.22881,1.70339,1.69875,-3.99572
15980.6,-0.144758,-0.0612078,-1.22961,1.71582,1.71138,-3.9959
15980.6,-0.144116,-0.0609384,-1.22998,1.728,1.72375,-3.99608
15980.6,-0.143493,-0.0606723,-1.23034,1.73992,1.73585,-3.99625
15980.6,-0.142888,-0.060409,-1.23068,1.75157,1.74768,-3.99642
15980.6,-0.141746,-0.0598914,-1.23133,1.76295,1.75924,-3.99658
15980.7,-0.141207,-0.059636,-1.23163,1.77406,1.77052,-3.99674
15980.7,-0.140686,-0.0593815,-1.23192,1.78489,1.78152,-3.9969
15980.7,-0.140182,-0.0591279,-1.2322,1.79545,1.79225,-3.99705
15980.7,-0.139222,-0.0586232,-1.23271,1.80573,1.80269,-3.9972
15980.7,-0.138766,-0.0583722,-1.23296,1.81573,1.81285,-3.99734
15980.7,-0.138325,-0.0581219,-1.2332,1.82545,1.82272,-3.99748
15980.7,-0.137768,-0.0581145,-1.2343,1.83489,1.83231,-3.99762
15980.7,-0.136725,-0.0580974,-1.23638,1.84405,1.84161,-3.99775
15980.7,-0.136231,-0.0580845,-1.23738,1.85292,1.85061,-3.99788
15980.8,-0.135753,-0.0580694,-1.23835,1.8615,1.85933,-3.998
15980.8,-0.135293,-0.058053,-1.23929,1.8698,1.86777,-3.99812
15980.8,-0.134422,-0.0580187,-1.2411,1.87782,1.87591,-3.99824
15980.8,-0.13401,-0.0580013,-1.24196,1.88555,1.88376,-3.99835
15980.8,-0.133615,-0.0579842,-1.2428,1.89299,1.89132,-3.99846
15980.8,-0.133233,-0.0579641,-1.24362,1.90016,1.89859,-3.99856
15980.8,-0.132514,-0.0579251,-1.24518,1.90703,1.90558,-3.99866
15980.8,-0.132177,-0.0579063,-1.24593,1.91363,1.91228,-3.99875
15980.8,-0.131854,-0.0578882,-1.24666,1.91995,1.9187,-3.99885
15980.8,-0.131839,-0.0575645,-1.24675,1.92599,1.92483,-3.99893
15980.9,-0.131831,-0.0569451,-1.24691,1.93175,1.93069,-3.99902
15980.9,-0.131855,-0.0566515,-1.24698,1.93724,1.93626,-3.99909
15980.9,-0.131887,-0.0563666,-1.24704,1.94246,1.94156,-3.99917
15980.9,-0.131927,-0.0560906,-1.2471,1.94741,1.94659,-3.99924
15980.9,-0.13203,-0.055565,-1.2472,1.9521,1.95135,-3.99931
15980.9,-0.132093,-0.0553145,-1.24724,1.95653,1.95585,-3.99937
15980.9,-0.132163,-0.0550716,-1.24728,1.9607,1.96008,-3.99943
15980.9,-0.132241,-0.0548358,-1.24731,1.96461,1.96406,-3.99949
15980.9,-0.132437,-0.0543893,-1.24736,1.96828,1.96778,-3.99954
15980.9,-0.132554,-0.0541788,-1.24737,1.97171,1.97126,-3.99959
15981,-0.132678,-0.0539755,-1.24738,1.97489,1.9745,-3.99964
15981,-0.132808,-0.0537794,-1.24739,1.97785,1.9775,-3.99968
15981,-0.133203,-0.0548769,-1.24472,1.98058,1.98027,-3.99972
15981,-0.133408,-0.055421,-1.24342,1.98309,1.98282,-3.99976
15981,-0.133618,-0.0559618,-1.24216,1.98538,1.98515,-3.99979
15981,-0.133832,-0.0564994,-1.24092,1.98747,1.98727,-3.99982
15981,-0.13427,-0.0575664,-1.23856,1.98936,1.98919,-3.99985
15981,-0.134495,-0.0580979,-1.23743,1.99106,1.99092,-3.99987
15981,-0.134725,-0.0586287,-1.23632,1.99257,1.99246,-3.99989
15981,-0.134959,-0.059159,-1.23523,1.99391,1.99382,-3.99991
15981.1,-0.135439,-0.0602186,-1.23317,1.99509,1.99501,-3.99993
15981.1,-0.135685,-0.0607478,-1.23219,1.99611,1.99605,-3.99994
15981.1,-0.135934,-0.0612764,-1.23124,1.99698,1.99693,-3.99996
15981.1,-0.136194,-0.061807,-1.23032,1.99771,1.99768,-3.99997
15981.1,-0.138262,-0.0629701,-1.22976,1.99832,1.99829,-3.99998
15981.1,-0.139278,-0.063549,-1.22952,1.99881,1.99879,-3.99998
15981.1,-0.140281,-0.0641258,-1.22929,1.9992,1.99918,-3.99999
15981.1,-0.141273,-0.0647001,-1.22908,1.99949,1.99948,-3.99999
15981.1,-0.143225,-0.0658402,-1.2287,1.9997,1.9997,-4
15981.1,-0.144198,-0.0664119,-1.22854,1.99985,1.99984,-4
15981.2,-0.145161,-0.0669808,-1.22839,1.99993,1.99993,-4
15981.2,-0.146115,-0.0675469,-1.22828,1.99998,1.99998,-4
15981.2,-0.14706,-0.0681101,-1.22818,2,2,-4
15981.2,-0.148923,-0.0692267,-1.22803,2,2,-4
15981.2,-0.149841,-0.0697797,-1.22798,2.0524,2.05464,-3.99063
15981.2,-0.150751,-0.0703286,-1.22795,2.05241,2.05464,-3.99063
15981.2,-0.152636,-0.0707721,-1.22758,2.05242,2.0546,-3.99063
15981.2,-0.15361,-0.0706786,-1.22724,2.05247,2.05451,-3.99063
15981.2,-0.154574,-0.0705924,-1.22692,2.05256,2.05433,-3.99063
15981.2,-0.155527,-0.0705129,-1.22662,2.0527,2.05403,-3.99063
15981.3,-0.157403,-0.0703721,-1.22612,2.05291,2.0536,-3.99063
15981.3,-0.158326,-0.0703097,-1.2259,2.0532,2.05299,-3.99063
15981.3,-0.159238,-0.0702521,-1.22571,2.05358,2.0522,-3.99063
15981.3,-0.160152,-0.0701986,-1.22553,2.05406,2.05119,-3.99064
15981.3,-0.161951,-0.0701027,-1.22524,2.05466,2.04995,-3.99064
15981.3,-0.162835,-0.0700597,-1.22514,2.05538,2.04844,-3.99064
15981.3,-0.163709,-0.0700198,-1.22506,2.05624,2.04665,-3.99065
15981.3,-0.164573,-0.0699825,-1.22499,2.05725,2.04457,-3.99065
15981.3,-0.166271,-0.0699154,-1.22491,2.0584,2.04216,-3.99066
15981.3,-0.166928,-0.0695313,-1.22456,2.05972,2.0394,-3.99066
15981.4,-0.167585,-0.069158,-1.22423,2.06122,2.0363,-3.99067
15981.4,-0.168234,-0.0687927,-1.22394,2.06289,2.03281,-3.99068
15981.4,-0.169508,-0.0680856,-1.22343,2.06475,2.02893,-3.99069
15981.4,-0.170133,-0.0677433,-1.22321,2.06681,2.02465,-3.9907
15981.4,-0.170749,-0.0674083,-1.223,2.06908,2.01994,-3.99071
15981.4,-0.171357,-0.0670801,-1.22282,2.07155,2.01479,-3.99072
15981.4,-0.172549,-0.0664439,-1.22256,2.07424,2.00919,-3.99073
15981.4,-0.173134,-0.0661365,-1.22245,2.07715,2.00313,-3.99075
15981.4,-0.17371,-0.0658355,-1.22236,2.08029,1.99659,-3.99076
15981.4,-0.174278,-0.0655409,-1.2223,2.08367,1.98956,-3.99078
15981.5,-0.175391,-0.0649706,-1.22223,2.08728,1.98203,-3.9908
15981.5,-0.176528,-0.0647819,-1.22209,2.09114,1.97399,-3.99082
15981.5,-0.177643,-0.0645974,-1.22197,2.09525,1.96544,-3.99084
15981.5,-0.178734,-0.0644173,-1.22187,2.09961,1.95636,-3.99086
15981.5,-0.180831,-0.0640675,-1.22173,2.10423,1.94674,-3.99088
15981.5,-0.181847,-0.0638993,-1.2217,2.10911,1.93658,-3.9909
15981.5,-0.182842,-0.0637358,-1.2217,2.11426,1.92587,-3.99093
15981.5,-0.183818,-0.0635768,-1.22171,2.11967,1.91461,-3.99095
15981.5,-0.185712,-0.0632731,-1.22177,2.12535,1.90278,-3.99098
15981.5,-0.186631,-0.0631284,-1.22183,2.1313,1.89039,-3.99101
15981.6,-0.187532,-0.0629887,-1.22191,2.13753,1.87743,-3.99104
15981.6,-0.188419,-0.0628542,-1.22202,2.14403,1.86389,-3.99107
15981.6,-0.190142,-0.0625992,-1.22229,2.15081,1.84977,-3.9911
15981.6,-0.19098,-0.0624782,-1.22244,2.15787,1.83508,-3.99114
15981.6,-0.191486,-0.062557,-1.22254,2.16521,1.8198,-3.99117
15981.6,-0.191981,-0.062634,-1.22265,2.17283,1.80394,-3.99121
15981.6,-0.192943,-0.0627837,-1.22295,2.18073,1.78749,-3.99125
15981.6,-0.193409,-0.0628568,-1.22313,2.18891,1.77046,-3.99129
15981.6,-0.193869,-0.0629318,-1.22332,2.19737,1.75284,-3.99133
15981.6,-0.19432,-0.0630061,-1.22353,2.20611,1.73464,-3.99137
15981.7,-0.195192,-0.0631535,-1.224,2.21514,1.71586,-3.99141
15981.7,-0.195613,-0.0632269,-1.22427,2.22444,1.69649,-3.99146
15981.7,-0.196024,-0.0633003,-1.22455,2.23402,1.67654,-3.9915
15981.7,-0.196426,-0.0633734,-1.22485,2.24388,1.65602,-3.99155
15981.7,-0.197201,-0.0635176,-1.22549,2.25401,1.63492,-3.9916
15981.7,-0.197575,-0.0635886,-1.22584,2.26442,1.61326,-3.99165
15981.7,-0.197941,-0.063659,-1.22621,2.2751,1.59103,-3.9917
15981.7,-0.198449,-0.0629512,-1.22641,2.28605,1.56823,-3.99175
15981.7,-0.199436,-0.0615811,-1.22686,2.29726,1.54488,-3.99181
15981.7,-0.199916,-0.0609178,-1.2271,2.30874,1.52098,-3.99186
15981.8,-0.200388,-0.060268,-1.22737,2.32049,1.49653,-3.99192
15981.8,-0.200851,-0.0596313,-1.22766,2.33249,1.47154,-3.99198
15981.8,-0.201728,-0.0583842,-1.2283,2.34475,1.44602,-3.99204
15981.8,-0.202156,-0.0577789,-1.22864,2.35726,1.41998,-3.9921
15981.8,-0.202575,-0.0571854,-1.22899,2.37002,1.39341,-3.99216
15981.8,-0.202988,-0.0566035,-1.22936,2.38302,1.36634,-3.99222
15981.8,-0.203793,-0.0554734,-1.23017,2.39627,1.33876,-3.99228
15981.8,-0.204185,-0.0549247,-1.23059,2.40975,1.31069,-3.99235
15981.8,-0.204571,-0.0543865,-1.23102,2.42347,1.28213,-3.99241
15981.8,-0.205018,-0.0542807,-1.23104,2.43742,1.25309,-3.99248
15981.9,-0.20589,-0.0540708,-1.23117,2.45159,1.22359,-3.99255
15981.9,-0.206316,-0.0539671,-1.23128,2.46598,1.19363,-3.99262
15981.9,-0.206735,-0.0538642,-1.23141,2.48058,1.16323,-3.99269
15981.9,-0.207147,-0.0537626,-1.23155,2.4954,1.13238,-3.99276
15981.9,-0.207952,-0.0535639,-1.23191,2.51042,1.10112,-3.99283
15981.9,-0.208345,-0.0534676,-1.23213,2.52564,1.06943,-3.99291
15981.9,-0.208726,-0.0533741,-1.23237,2.54105,1.03734,-3.99298
15981.9,-0.209101,-0.0532834,-1.23263,2.55665,1.00486,-3.99306
15981.9,-0.209834,-0.0531122,-1.23321,2.57244,0.972004,-3.99313
15981.9,-0.210191,-0.0530322,-1.23352,2.5884,0.938775,-3.99321
15982,-0.210543,-0.0529561,-1.23384,2.60453,0.90519,-3.99329
15982,-0.210889,-0.052884,-1.23421,2.62083,0.871261,-3.99336
15982,-0.211358,-0.0524063,-1.23498,2.63728,0.837,-3.99344
15982,-0.211585,-0.0521754,-1.23539,2.65389,0.802421,-3.99352
15982,-0.211808,-0.0519512,-1.23582,2.67065,0.767537,-3.9936
15982,-0.212028,-0.0517336,-1.23626,2.68755,0.732361,-3.99369
15982,-0.212457,-0.0513172,-1.23723,2.70458,0.696907,-3.99377
15982,-0.212667,-0.051118,-1.23774,2.72173,0.661188,-3.99385
15982,-0.212873,-0.0509247,-1.23826,2.73901,0.625218,-3.99393
15982,-0.213075,-0.0507371,-1.23879,2.7564,0.589011,-3.99402
15982.1,-0.213462,-0.0503749,-1.23991,2.7739,0.552581,-3.9941
15982.1,-0.213651,-0.050202,-1.24051,2.7915,0.515942,-3.99419
15982.1,-0.213836,-0.0500344,-1.24111,2.80919,0.479109,-3.99427
15982.1,-0.214017,-0.049872,-1.24173,2.82697,0.442096,-3.99436
15982.1,-0.214524,-0.0501739,-1.24311,2.84483,0.404918,-3.99444
15982.1,-0.214766,-0.0503251,-1.24384,2.86276,0.367589,-3.99453
15982.1,-0.215,-0.0504766,-1.24458,2.88075,0.330125,-3.99461
15982.1,-0.215247,-0.0506365,-1.24533,2.89881,0.29254,-3.9947
15982.1,-0.215719,-0.0509579,-1.24686,2.91691,0.254848,-3.99479
15982.2,-0.215944,-0.05112,-1.24764,2.93506,0.217067,-3.99488
15982.2,-0.216162,-0.0512834,-1.24843,2.95325,0.179209,-3.99496
15982.2,-0.216374,-0.0514483,-1.24925,2.97146,0.14129,-3.99505
15982.2,-0.216579,-0.0516148,-1.25007,2.98969,0.103326,-3.99514
15982.2,-0.216972,-0.0519526,-1.25175,3.00794,0.0653313,-3.99523
15982.2,-0.217149,-0.0521205,-1.25261,3.0262,0.0273216,-3.99531
15982.2,-0.217321,-0.0522901,-1.25347,3.04446,-0.0106883,-3.9954
15982.2,-0.217573,-0.0527739,-1.25614,3.06271,-0.0486827,-3.99549
15982.2,-0.217654,-0.0530854,-1.25791,3.08095,-0.0866468,-3.99558
15982.2,-0.217733,-0.0533958,-1.25967,3.09916,-0.124565,-3.99567
15982.3,-0.217807,-0.0537049,-1.2614,3.11734,-0.162423,-3.99575
15982.3,-0.217942,-0.0543129,-1.26484,3.13549,-0.200205,-3.99584
15982.3,-0.218003,-0.0546117,-1.26655,3.1536,-0.237897,-3.99593
15982.3,-0.218061,-0.0549093,-1.26824,3.17165,-0.275482,-3.99601
15982.3,-0.218117,-0.0552058,-1.26991,3.18965,-0.312946,-3.9961
15982.3,-0.21822,-0.0557948,-1.27322,3.20758,-0.350275,-3.99619
15982.3,-0.218268,-0.0560873,-1.27486,3.22543,-0.387453,-3.99627
15982.3,-0.218313,-0.0563783,-1.27648,3.24321,-0.424466,-3.99636
15982.3,-0.218357,-0.056668,-1.27809,3.2609,-0.461299,-3.99644
15982.3,-0.218418,-0.0572328,-1.28127,3.2785,-0.497938,-3.99653
15982.4,-0.218223,-0.0571742,-1.28312,3.296,-0.534368,-3.99661
15982.4,-0.21803,-0.0571204,-1.28495,3.31339,-0.570575,-3.9967
15982.4,-0.217839,-0.057071,-1.28677,3.33067,-0.606545,-3.99678
15982.4,-0.217462,-0.0569851,-1.29034,3.34783,-0.642264,-3.99686
15982.4,-0.217277,-0.0569481,-1.29209,3.36486,-0.677719,-3.99694
15982.4,-0.217094,-0.0569147,-1.29381,3.38176,-0.712894,-3.99703
15982.4,-0.216911,-0.0568833,-1.29551,3.39851,-0.747778,-3.99711
15982.4,-0.216551,-0.0568291,-1.29887,3.41512,-0.782357,-3.99719
15982.4,-0.216373,-0.0568058,-1.30052,3.43158,-0.816617,-3.99727
15982.4,-0.216197,-0.0567848,-1.30214,3.44787,-0.850546,-3.99734
15982.5,-0.216023,-0.056766,-1.30374,3.46401,-0.884132,-3.99742
15982.5,-0.21568,-0.0567343,-1.30688,3.47997,-0.917361,-3.9975
15982.5,-0.2162,-0.0567075,-1.30857,3.49575,-0.950221,-3.99757
15982.5,-0.216707,-0.0566842,-1.31025,3.51135,-0.982701,-3.99765
15982.5,-0.217197,-0.0566638,-1.31189,3.52677,-1.01479,-3.99772
15982.5,-0.21814,-0.0566341,-1.31512,3.54199,-1.04647,-3.9978
15982.5,-0.218595,-0.056625,-1.3167,3.557,-1.07774,-3.99787
15982.5,-0.21904,-0.0566196,-1.31826,3.57182,-1.10858,-3.99794
15982.5,-0.219474,-0.0566181,-1.3198,3.58642,-1.13899,-3.99801
15982.5,-0.220316,-0.0566263,-1.3228,3.60081,-1.16895,-3.99808
15982.6,-0.220725,-0.0566357,-1.32426,3.61499,-1.19845,-3.99815
15982.6,-0.22112,-0.0566464,-1.3257,3.62893,-1.22748,-3.99821
15982.6,-0.221509,-0.0566603,-1.32713,3.64265,-1.25604,-3.99828
15982.6,-0.222265,-0.0566983,-1.32993,3.65613,-1.28412,-3.99835
15982.6,-0.222632,-0.0567226,-1.3313,3.66938,-1.31169,-3.99841
15982.6,-0.222876,-0.0565312,-1.33234,3.68239,-1.33877,-3.99847
15982.6,-0.223115,-0.0563468,-1.33338,3.69515,-1.36533,-3.99853
15982.6,-0.223583,-0.0559982,-1.33543,3.70766,-1.39138,-3.99859
15982.6,-0.223817,-0.0558362,-1.33644,3.71992,-1.4169,-3.99865
15982.6,-0.224047,-0.0556806,-1.33743,3.73192,-1.44189,-3.99871
15982.7,-0.224273,-0.0555313,-1.33842,3.74366,-1.46634,-3.99877
15982.7,-0.224712,-0.0552505,-1.34037,3.75514,-1.49024,-3.99882
15982.7,-0.224925,-0.0551184,-1.34134,3.76636,-1.51359,-3.99888
15982.7,-0.225134,-0.0549914,-1.3423,3.77731,-1.53638,-3.99893
15982.7,-0.225338,-0.0548694,-1.34326,3.78799,-1.55861,-3.99898
15982.7,-0.225737,-0.054624,-1.34514,3.79839,-1.58028,-3.99903
15982.7,-0.225929,-0.0545075,-1.34608,3.80853,-1.60138,-3.99908
15982.7,-0.226118,-0.0543949,-1.34701,3.81838,-1.6219,-3.99913
15982.7,-0.226606,-0.0546321,-1.34887,3.82797,-1.64185,-3.99917
15982.7,-0.227553,-0.0550909,-1.35249,3.83727,-1.66121,-3.99922
15982.8,-0.228011,-0.0553129,-1.35427,3.84629,-1.68,-3.99926
15982.8,-0.22846,-0.0555303,-1.35601,3.85503,-1.6982,-3.9993
15982.8,-0.228901,-0.0557432,-1.35774,3.8635,-1.71581,-3.99934
15982.8,-0.229761,-0.0561626,-1.36113,3.87168,-1.73285,-3.99938
15982.8,-0.230178,-0.0563666,-1.36279,3.87958,-1.74929,-3.99942
15982.8,-0.230586,-0.0565672,-1.36443,3.8872,-1.76516,-3.99946
15982.8,-0.230986,-0.0567644,-1.36605,3.89453,-1.78043,-3.99949
15982.8,-0.231761,-0.0571496,-1.36923,3.90159,-1.79513,-3.99953
15982.8,-0.232136,-0.0573378,-1.37079,3.90837,-1.80924,-3.99956
15982.8,-0.232504,-0.0575231,-1.37233,3.91488,-1.82278,-3.99959
15982.9,-0.232759,-0.0574929,-1.374,3.9211,-1.83575,-3.99962
15982.9,-0.233253,-0.0574426,-1.37728,3.92706,-1.84814,-3.99965
15982.9,-0.233491,-0.0574223,-1.37888,3.93274,-1.85996,-3.99968
15982.9,-0.233724,-0.0574051,-1.38047,3.93815,-1.87123,-3.9997
15982.9,-0.233951,-0.0573908,-1.38203,3.94329,-1.88194,-3.99973
15982.9,-0.23439,-0.0573713,-1.38509,3.94817,-1.8921,-3.99975
15982.9,-0.2346,-0.0573658,-1.38659,3.95279,-1.90172,-3.99977
15982.9,-0.234804,-0.0573643,-1.38807,3.95715,-1.9108,-3.99979
15982.9,-0.235003,-0.0573655,-1.38952,3.96126,-1.91935,-3.99981
15982.9,-0.235383,-0.0573751,-1.39237,3.96512,-1.92739,-3.99983
15983,-0.235565,-0.0573831,-1.39376,3.96874,-1.93491,-3.99985
15983,-0.235743,-0.0573931,-1.39513,3.97211,-1.94194,-3.99987
15983,-0.235915,-0.0574052,-1.39649,3.97525,-1.94848,-3.99988
15983,-0.236117,-0.0574117,-1.39795,3.97817,-1.95455,-3.99989
15983,-0.236226,-0.0574194,-1.39867,3.98086,-1.96014,-3.99991
15983,-0.236331,-0.0574282,-1.39939,3.98333,-1.96529,-3.99992
15983,-0.236433,-0.0574381,-1.40011,3.98559,-1.97,-3.99993
15983,-0.236629,-0.0574613,-1.40154,3.98765,-1.97429,-3.99994
15983,-0.236723,-0.0574747,-1.40225,3.98951,-1.97817,-3.99995
15983.1,-0.236814,-0.0574889,-1.40296,3.99119,-1.98165,-3.99996
15983.1,-0.236903,-0.0575037,-1.40366,3.99268,-1.98476,-3.99996
15983.1,-0.237075,-0.0575294,-1.40506,3.994,-1.98751,-3.99997
15983.1,-0.237157,-0.057543,-1.40576,3.99516,-1.98992,-3.99998
15983.1,-0.237237,-0.0575572,-1.40646,3.99616,-1.99201,-3.99998
15983.1,-0.237315,-0.0575722,-1.40716,3.99702,-1.9938,-3.99999
15983.1,-0.236655,-0.0584875,-1.4085,3.99774,-1.9953,-3.99999
15983.1,-0.236333,-0.0589319,-1.40917,3.99834,-1.99655,-3.99999
15983.1,-0.236016,-0.0593679,-1.40984,3.99883,-1.99756,-3.99999
15983.1,-0.235717,-0.0597999,-1.41052,3.99921,-1.99835,-4
15983.1,-0.235133,-0.0606417,-1.41186,3.9995,-1.99895,-4
15983.2,-0.234846,-0.0610527,-1.41254,3.99971,-1.99939,-4
15983.2,-0.234564,-0.0614574,-1.41321,3.99985,-1.99969,-4
15983.2,-0.234284,-0.0618558,-1.4139,3.99994,-1.99987,-4
15983.2,-0.234008,-0.0622481,-1.41459,3.99998,-1.99996,-4
15983.2,-0.233465,-0.0630155,-1.41599,4,-1.99999,-4
15983.2,-0.233195,-0.0633956,-1.41669,4,-2,-4
15983.2,-0.232928,-0.0637705,-1.4174,4.08349,-2.08307,-3.92174
15983.2,-0.232632,-0.0636446,-1.41783,4.08349,-2.08306,-3.92174
15983.2,-0.232599,-0.0631612,-1.41757,4.08351,-2.08303,-3.92174
15983.3,-0.232563,-0.0626894,-1.41733,4.08355,-2.08294,-3.92174
15983.3,-0.232526,-0.0622288,-1.41713,4.08364,-2.08275,-3.92174
15983.3,-0.232448,-0.0613397,-1.41683,4.08378,-2.08246,-3.92175
15983.3,-0.232407,-0.0609124,-1.41673,4.08398,-2.08202,-3.92176
15983.3,-0.232365,-0.0604937,-1.41665,4.08427,-2.08141,-3.92177
15983.3,-0.232323,-0.0600832,-1.41661,4.08464,-2.08061,-3.92178
15983.3,-0.232238,-0.0592848,-1.4166,4.08512,-2.0796,-3.9218
15983.3,-0.232195,-0.0588962,-1.41665,4.08571,-2.07834,-3.92183
15983.3,-0.232151,-0.0585145,-1.41672,4.08642,-2.07682,-3.92186
15983.3,-0.232107,-0.0581394,-1.41682,4.08727,-2.07503,-3.92189
15983.4,-0.232027,-0.0574109,-1.4171,4.08825,-2.07292,-3.92193
15983.4,-0.232554,-0.057218,-1.41771,4.08939,-2.07049,-3.92198
15983.4,-0.233066,-0.057028,-1.41834,4.09069,-2.06772,-3.92203
15983.4,-0.233565,-0.0568407,-1.41899,4.09216,-2.06459,-3.92209
15983.4,-0.234522,-0.0564753,-1.42035,4.09381,-2.06108,-3.92216
15983.4,-0.234981,-0.0562976,-1.42105,4.09564,-2.05718,-3.92223
15983.4,-0.235428,-0.0561232,-1.42177,4.09767,-2.05286,-3.92232
15983.4,-0.235854,-0.0559484,-1.4225,4.09989,-2.04812,-3.92241
15983.4,-0.236673,-0.0556097,-1.42403,4.10233,-2.04293,-3.92251
15983.4,-0.237065,-0.0554461,-1.42482,4.10497,-2.0373,-3.92261
15983.5,-0.237446,-0.0552863,-1.42562,4.10784,-2.03119,-3.92273
15983.5,-0.237818,-0.0551303,-1.42643,4.11093,-2.0246,-3.92286
15983.5,-0.23853,-0.05483,-1.42812,4.11425,-2.01753,-3.92299
15983.5,-0.239595,-0.0548365,-1.42887,4.11781,-2.00995,-3.92314
15983.5,-0.240636,-0.0548466,-1.42964,4.12161,-2.00186,-3.92329
15983.5,-0.24165,-0.0548568,-1.43042,4.12565,-1.99324,-3.92346
15983.5,-0.2436,-0.0548783,-1.43202,4.12995,-1.9841,-3.92363
15983.5,-0.244537,-0.0548899,-1.43286,4.13449,-1.97441,-3.92382
15983.5,-0.245449,-0.0549024,-1.43371,4.13929,-1.96418,-3.92401
15983.5,-0.246337,-0.0549157,-1.43457,4.14435,-1.9534,-3.92422
15983.6,-0.248046,-0.0549453,-1.43633,4.14968,-1.94205,-3.92444
15983.6,-0.248859,-0.0549569,-1.43723,4.15527,-1.93014,-3.92467
15983.6,-0.249652,-0.0549698,-1.43814,4.16113,-1.91766,-3.92491
15983.6,-0.250423,-0.0549838,-1.43908,4.16725,-1.90461,-3.92516
15983.6,-0.251907,-0.0550151,-1.44098,4.17365,-1.89098,-3.92542
15983.6,-0.252619,-0.0550321,-1.44195,4.18033,-1.87676,-3.92569
15983.6,-0.253392,-0.0549669,-1.44261,4.18727,-1.86196,-3.92597
15983.6,-0.254144,-0.054905,-1.44329,4.19449,-1.84658,-3.92627
15983.6,-0.255574,-0.0547801,-1.44473,4.20199,-1.83061,-3.92658
15983.6,-0.25626,-0.0547228,-1.44546,4.20976,-1.81404,-3.92689
15983.7,-0.256927,-0.0546689,-1.44622,4.21781,-1.79689,-3.92722
15983.7,-0.257576,-0.0546186,-1.44698,4.22614,-1.77915,-3.92756
15983.7,-0.258818,-0.0545278,-1.44858,4.23475,-1.76082,-3.92791
15983.7,-0.259413,-0.054487,-1.4494,4.24362,-1.74191,-3.92828
15983.7,-0.25999,-0.054449,-1.45024,4.25278,-1.7224,-3.92865
15983.7,-0.260551,-0.0544136,-1.45109,4.26221,-1.70232,-3.92903
15983.7,-0.261622,-0.0543513,-1.45282,4.27191,-1.68165,-3.92943
15983.7,-0.262133,-0.0543236,-1.45372,4.28188,-1.66041,-3.92984
15983.7,-0.262628,-0.0542982,-1.45463,4.29212,-1.63859,-3.93026
15983.7,-0.263787,-0.0543241,-1.45544,4.30263,-1.6162,-3.93068
15983.8,-0.266011,-0.0543818,-1.45711,4.3134,-1.59325,-3.93112
15983.8,-0.267077,-0.0544138,-1.45796,4.32444,-1.56973,-3.93158
15983.8,-0.268121,-0.0544519,-1.45883,4.33574,-1.54566,-3.93204
15983.8,-0.269136,-0.0544919,-1.45973,4.34729,-1.52104,-3.93251
15983.8,-0.271085,-0.0545777,-1.46156,4.3591,-1.49588,-3.93299
15983.8,-0.272019,-0.0546236,-1.4625,4.37117,-1.47018,-3.93348
15983.8,-0.272927,-0.0546713,-1.46345,4.38348,-1.44395,-3.93399
15983.8,-0.27381,-0.0547208,-1.46442,4.39603,-1.4172,-3.9345
15983.8,-0.2755,-0.0548251,-1.46641,4.40883,-1.38994,-3.93502
15983.8,-0.276306,-0.05488,-1.46743,4.42187,-1.36217,-3.93555
15983.9,-0.277089,-0.0549365,-1.46845,4.43514,-1.3339,-3.9361
15983.9,-0.277676,-0.0547406,-1.46948,4.44863,-1.30514,-3.93665
15983.9,-0.278793,-0.0543667,-1.47159,4.46236,-1.2759,-3.93721
15983.9,-0.279325,-0.0541882,-1.47267,4.4763,-1.24619,-3.93778
15983.9,-0.279838,-0.0540152,-1.47376,4.49046,-1.21602,-3.93836
15983.9,-0.280333,-0.0538474,-1.47486,4.50484,-1.1854,-3.93894
15983.9,-0.281267,-0.0535265,-1.47709,4.51941,-1.15434,-3.93954
15983.9,-0.281705,-0.053373,-1.47824,4.53419,-1.12286,-3.94014
15983.9,-0.282125,-0.0532243,-1.4794,4.54917,-1.09095,-3.94075
15983.9,-0.282529,-0.0530802,-1.48056,4.56434,-1.05864,-3.94137
15984,-0.283287,-0.0528047,-1.48292,4.57969,-1.02593,-3.942
15984,-0.283642,-0.0526727,-1.48411,4.59522,-0.99284,-3.94263
15984,-0.283982,-0.0525444,-1.48531,4.61093,-0.959378,-3.94327
15984,-0.28431,-0.0524205,-1.48654,4.6268,-0.925557,-3.94392
15984,-0.284133,-0.0530153,-1.4878,4.64284,-0.89139,-3.94458
15984,-0.284035,-0.0533037,-1.48847,4.65903,-0.85689,-3.94524
15984,-0.283929,-0.0535864,-1.48916,4.67538,-0.822068,-3.94591
15984,-0.283816,-0.0538636,-1.48987,4.69187,-0.78694,-3.94658
15984,-0.28357,-0.0544036,-1.49139,4.70849,-0.751518,-3.94726
15984,-0.283436,-0.0546673,-1.49219,4.72525,-0.715815,-3.94794
15984.1,-0.283295,-0.0549275,-1.493,4.74213,-0.679845,-3.94863
15984.1,-0.283152,-0.0551897,-1.49383,4.75914,-0.643623,-3.94933
15984.1,-0.282846,-0.0557037,-1.49558,4.77625,-0.607162,-3.95003
15984.1,-0.282684,-0.0559554,-1.4965,4.79347,-0.570476,-3.95073
15984.1,-0.282516,-0.0562035,-1.49743,4.81079,-0.533581,-3.95144
15984.1,-0.282342,-0.0564481,-1.49838,4.8282,-0.49649,-3.95215
15984.1,-0.281178,-0.0575075,-1.50075,4.84569,-0.459217,-3.95286
15984.1,-0.280595,-0.0580204,-1.50197,4.86327,-0.421779,-3.95358
15984.1,-0.280014,-0.0585255,-1.5032,4.88091,-0.384188,-3.9543
15984.1,-0.279434,-0.0590231,-1.50445,4.89862,-0.346461,-3.95502
15984.2,-0.278282,-0.0599974,-1.50697,4.91638,-0.308612,-3.95575
15984.2,-0.277709,-0.0604742,-1.50825,4.9342,-0.270657,-3.95648
15984.2,-0.277138,-0.0609444,-1.50954,4.95206,-0.23261,-3.95721
15984.2,-0.276569,-0.0614079,-1.51087,4.96995,-0.194487,-3.95794
15984.2,-0.276001,-0.0618649,-1.5122,4.98787,-0.156302,-3.95867
15984.2,-0.274882,-0.0627677,-1.5149,5.00582,-0.118072,-3.9594
15984.2,-0.274326,-0.0632097,-1.51627,5.02378,-0.0798111,-3.96013
15984.2,-0.273771,-0.0636454,-1.51764,5.04174,-0.0415349,-3.96087
15984.2,-0.272709,-0.0640828,-1.52042,5.05971,-0.00325871,-3.9616
15984.2,-0.272202,-0.0640925,-1.5218,5.07767,0.0350022,-3.96234
15984.3,-0.271698,-0.0641039,-1.52319,5.09561,0.0732324,-3.96307
15984.3,-0.271198,-0.0641169,-1.52458,5.11354,0.111417,-3.9638
15984.3,-0.270213,-0.0641562,-1.52742,5.13143,0.14954,-3.96453
15984.3,-0.269726,-0.064177,-1.52886,5.14929,0.187587,-3.96526
15984.3,-0.269243,-0.0641982,-1.53031,5.16711,0.225543,-3.96599
15984.3,-0.268764,-0.0642195,-1.53176,5.18487,0.263391,-3.96671
15984.3,-0.267817,-0.064261,-1.53469,5.20258,0.301119,-3.96744
15984.3,-0.26735,-0.0642807,-1.53618,5.22022,0.338709,-3.96816
15984.3,-0.266886,-0.0642996,-1.53767,5.2378,0.376148,-3.96887
15984.4,-0.266419,-0.0643161,-1.53917,5.25529,0.41342,-3.96959
15984.4,-0.265499,-0.0643468,-1.54218,5.2727,0.450511,-3.9703
15984.4,-0.264655,-0.0639916,-1.54334,5.29002,0.487407,-3.97101
15984.4,-0.263824,-0.0636439,-1.54452,5.30724,0.524092,-3.97171
15984.4,-0.263008,-0.0633036,-1.54573,5.32435,0.560553,-3.97241
15984.4,-0.261414,-0.0626436,-1.54819,5.34135,0.596775,-3.9731
15984.4,-0.260639,-0.0623231,-1.54943,5.35824,0.632745,-3.97379
15984.4,-0.259876,-0.062009,-1.55069,5.375,0.668448,-3.97448
15984.4,-0.259124,-0.061701,-1.55196,5.39162,0.703871,-3.97516
15984.4,-0.257654,-0.0611021,-1.55457,5.40811,0.738999,-3.97583
15984.5,-0.256935,-0.060811,-1.55589,5.42446,0.77382,-3.9765
15984.5,-0.256227,-0.0605255,-1.55722,5.44065,0.808321,-3.97716
15984.5,-0.255529,-0.0602456,-1.55856,5.45669,0.842488,-3.97781
15984.5,-0.254164,-0.059705,-1.5613,5.47256,0.876308,-3.97846
15984.5,-0.253859,-0.0592595,-1.56446,5.48827,0.90977,-3.9791
15984.5,-0.253554,-0.0588229,-1.56758,5.5038,0.942861,-3.97974
15984.5,-0.253252,-0.0583952,-1.57067,5.51915,0.975569,-3.98036
15984.5,-0.252653,-0.0575657,-1.57675,5.53432,1.00788,-3.98098
15984.5,-0.252357,-0.0571638,-1.57975,5.5493,1.03979,-3.98159
15984.5,-0.252062,-0.0567701,-1.58272,5.56407,1.07127,-3.9822
15984.6,-0.251771,-0.0563841,-1.58566,5.57865,1.10233,-3.98279
15984.6,-0.251221,-0.0556438,-1.59144,5.59303,1.13295,-3.98338
15984.6,-0.25095,-0.0552845,-1.59429,5.60719,1.16312,-3.98396
15984.6,-0.250682,-0.0549322,-1.59711,5.62113,1.19283,-3.98453
15984.6,-0.250417,-0.0545867,-1.59991,5.63485,1.22207,-3.98509
15984.6,-0.249896,-0.0539158,-1.60543,5.64835,1.25083,-3.98564
15984.6,-0.24964,-0.0535904,-1.60814,5.66162,1.2791,-3.98618
15984.6,-0.248996,-0.0536504,-1.61099,5.67466,1.30687,-3.98671
15984.6,-0.248362,-0.0537094,-1.61381,5.68746,1.33413,-3.98724
15984.6,-0.247129,-0.0538257,-1.61936,5.70001,1.36088,-3.98775
15984.7,-0.246529,-0.0538837,-1.62208,5.71232,1.38711,-3.98825
15984.7,-0.245939,-0.0539421,-1.62477,5.72439,1.41281,-3.98874
15984.7,-0.245359,-0.054001,-1.62743,5.7362,1.43797,-3.98923
15984.7,-0.244229,-0.0541214,-1.63266,5.74775,1.46259,-3.9897
15984.7,-0.243669,-0.0541833,-1.63523,5.75905,1.48666,-3.99016
15984.7,-0.243119,-0.0542463,-1.63776,5.77009,1.51018,-3.99061
15984.7,-0.242577,-0.0543103,-1.64027,5.78086,1.53313,-3.99105
15984.7,-0.241518,-0.0544413,-1.64518,5.79137,1.55552,-3.99148
15984.7,-0.241,-0.0545083,-1.6476,5.80161,1.57734,-3.9919
15984.8,-0.240491,-0.0545764,-1.64998,5.81158,1.59858,-3.99231
15984.8,-0.239943,-0.054939,-1.65245,5.82128,1.61925,-3.9927
15984.8,-0.238877,-0.0556479,-1.6573,5.83071,1.63933,-3.99309
15984.8,-0.238356,-0.0559937,-1.65967,5.83986,1.65884,-3.99346
15984.8,-0.237843,-0.0563339,-1.66202,5.84874,1.67775,-3.99382
15984.8,-0.237338,-0.0566686,-1.66434,5.85735,1.69608,-3.99417
15984.8,-0.23635,-0.0573219,-1.66888,5.86567,1.71382,-3.99451
15984.8,-0.235867,-0.0576406,-1.67111,5.87372,1.73097,-3.99484
15984.8,-0.235391,-0.0579539,-1.67331,5.8815,1.74754,-3.99516
15984.8,-0.234929,-0.0582632,-1.67547,5.889,1.76351,-3.99547
15984.8,-0.234026,-0.0588659,-1.67973,5.89622,1.77889,-3.99576
15984.9,-0.233585,-0.0591592,-1.68182,5.90316,1.79369,-3.99605
15984.9,-0.233151,-0.0594472,-1.68388,5.90984,1.80791,-3.99632
15984.9,-0.23239,-0.059687,-1.68612,5.91623,1.82154,-3.99658
15984.9,-0.230904,-0.0601631,-1.69051,5.92236,1.83459,-3.99683
15984.9,-0.230179,-0.0603996,-1.69266,5.92822,1.84707,-3.99707
15984.9,-0.229464,-0.0606347,-1.69479,5.93381,1.85898,-3.9973
15984.9,-0.228764,-0.0608675,-1.69689,5.93913,1.87033,-3.99751
15984.9,-0.227394,-0.0613287,-1.70101,5.9442,1.88111,-3.99772
15984.9,-0.226724,-0.061557,-1.70303,5.949,1.89134,-3.99792
15985,-0.226063,-0.0617837,-1.70504,5.95354,1.90103,-3.9981
15985,-0.225413,-0.0620086,-1.70702,5.95784,1.91017,-3.99828
15985,-0.22414,-0.0624531,-1.71092,5.96188,1.91879,-3.99844
15985,-0.223498,-0.0626745,-1.71284,5.96568,1.92688,-3.9986
15985,-0.222865,-0.0628942,-1.71474,5.96924,1.93446,-3.99874
15985,-0.222241,-0.0631121,-1.71663,5.97256,1.94153,-3.99888
15985,-0.22117,-0.0634567,-1.72183,5.97565,1.94812,-3.99901
15985,-0.220646,-0.063627,-1.72438,5.97851,1.95423,-3.99912
15985,-0.22013,-0.0637958,-1.72688,5.98116,1.95987,-3.99923
15985,-0.21962,-0.0639631,-1.72936,5.98359,1.96505,-3.99933
15985.1,-0.218624,-0.0642935,-1.73421,5.98582,1.96979,-3.99942
15985.1,-0.218139,-0.0644578,-1.73658,5.98785,1.97411,-3.9995
15985.1,-0.217662,-0.0646205,-1.73893,5.98968,1.97801,-3.99958
15985.1,-0.217192,-0.0647812,-1.74125,5.99133,1.98152,-3.99965
15985.1,-0.216276,-0.065097,-1.7458,5.9928,1.98465,-3.99971
15985.1,-0.215829,-0.065252,-1.74804,5.9941,1.98742,-3.99976
15985.1,-0.215389,-0.0654049,-1.75025,5.99524,1.98985,-3.99981
15985.1,-0.214956,-0.0655557,-1.75243,5.99622,1.99196,-3.99985
15985.1,-0.213447,-0.065562,-1.75676,5.99707,1.99375,-3.99988
15985.1,-0.212707,-0.0655629,-1.75889,5.99778,1.99527,-3.99991
15985.2,-0.211979,-0.0655635,-1.76099,5.99837,1.99653,-3.99993
15985.2,-0.211266,-0.0655638,-1.76307,5.99885,1.99754,-3.99995
15985.2,-0.209876,-0.0655634,-1.76716,5.99922,1.99834,-3.99997
15985.2,-0.2092,-0.0655624,-1.76917,5.99951,1.99895,-3.99998
15985.2,-0.208536,-0.0655609,-1.77116,5.99971,1.99939,-3.99999
15985.2,-0.207883,-0.0655587,-1.77312,5.99985,1.99968,-3.99999
15985.2,-0.207243,-0.0655559,-1.77507,5.99994,1.99987,-4
15985.2,-0.205995,-0.0655476,-1.77889,5.99998,1.99996,-4
15985.2,-0.205386,-0.065542,-1.78077,6,1.99999,-4
15985.2,-0.204788,-0.0655355,-1.78263,6,2,-4
15985.3,-0.203643,-0.0662288,-1.78735,6.05323,2.08739,-4.02609
15985.3,-0.203097,-0.0669134,-1.79017,6.05323,2.08739,-4.02609
15985.3,-0.20256,-0.0675827,-1.79296,6.05325,2.08735,-4.02609
15985.3,-0.202031,-0.0682379,-1.7957,6.05329,2.08726,-4.02608
15985.3,-0.201002,-0.0695056,-1.80107,6.05338,2.08708,-4.02608
15985.3,-0.200501,-0.0701191,-1.8037,6.05352,2.08678,-4.02608
15985.3,-0.200009,-0.0707198,-1.80629,6.05373,2.08634,-4.02608
15985.3,-0.199526,-0.0713082,-1.80884,6.05402,2.08573,-4.02608
15985.3,-0.198585,-0.0724499,-1.81383,6.0544,2.08493,-4.02607
15985.3,-0.198127,-0.0730043,-1.81628,6.05489,2.08392,-4.02606
15985.4,-0.197678,-0.0735438,-1.81869,6.05548,2.08266,-4.02606
15985.4,-0.197237,-0.0740731,-1.82107,6.05621,2.08114,-4.02605
15985.4,-0.196383,-0.0751015,-1.82573,6.05707,2.07934,-4.02603
15985.4,-0.195079,-0.0755327,-1.82846,6.05807,2.07723,-4.02602
15985.4,-0.193804,-0.0759559,-1.83114,6.05923,2.07481,-4.02601
15985.4,-0.192555,-0.0763712,-1.83379,6.06055,2.07203,-4.02599
15985.4,-0.190136,-0.0771784,-1.83895,6.06204,2.0689,-4.02597
15985.4,-0.188965,-0.0775682,-1.84148,6.06371,2.06538,-4.02595
15985.4,-0.187817,-0.0779499,-1.84396,6.06557,2.06147,-4.02592
15985.4,-0.186692,-0.0783234,-1.84641,6.06763,2.05715,-4.02589
15985.5,-0.18451,-0.0790453,-1.85118,6.06989,2.05241,-4.02586
15985.5,-0.18345,-0.0793939,-1.85352,6.07237,2.04722,-4.02583
15985.5,-0.182412,-0.079734,-1.85582,6.07505,2.04157,-4.02579
15985.5,-0.181394,-0.080066,-1.85808,6.07796,2.03546,-4.02575
15985.5,-0.179426,-0.0807112,-1.86252,6.0811,2.02887,-4.02571
15985.5,-0.178266,-0.0804181,-1.86537,6.08448,2.02178,-4.02567
15985.5,-0.177129,-0.0801305,-1.86817,6.08809,2.01419,-4.02562
15985.5,-0.176015,-0.0798481,-1.87093,6.09195,2.00609,-4.02557
15985.5,-0.173852,-0.0792976,-1.87628,6.09606,1.99747,-4.02551
15985.5,-0.172802,-0.0790289,-1.87889,6.10042,1.98832,-4.02545
15985.6,-0.171774,-0.0787641,-1.88145,6.10504,1.97862,-4.02539
15985.6,-0.170768,-0.0785041,-1.88397,6.10991,1.96838,-4.02533
15985.6,-0.168818,-0.0779936,-1.88888,6.11506,1.95758,-4.02526
15985.6,-0.167874,-0.0777427,-1.89127,6.12046,1.94623,-4.02519
15985.6,-0.166949,-0.0774943,-1.89363,6.12614,1.93431,-4.02511
15985.6,-0.166043,-0.0772483,-1.89594,6.13209,1.92181,-4.02503
15985.6,-0.164287,-0.0767633,-1.90045,6.13832,1.90874,-4.02495
15985.6,-0.163437,-0.0765243,-1.90264,6.14482,1.8951,-4.02486
15985.6,-0.163168,-0.0766001,-1.90542,6.15159,1.88087,-4.02477
15985.7,-0.162904,-0.0766704,-1.90815,6.15865,1.86605,-4.02467
15985.7,-0.162395,-0.0767962,-1.91346,6.16599,1.85065,-4.02457
15985.7,-0.16215,-0.0768522,-1.91605,6.1736,1.83466,-4.02447
15985.7,-0.161911,-0.0769037,-1.91859,6.1815,1.81808,-4.02437
15985.7,-0.161678,-0.0769509,-1.92109,6.18968,1.80091,-4.02426
15985.7,-0.161233,-0.0770332,-1.92595,6.19813,1.78315,-4.02414
15985.7,-0.161021,-0.0770707,-1.92832,6.20687,1.76481,-4.02403
15985.7,-0.160816,-0.0771048,-1.93065,6.21589,1.74587,-4.02391
15985.7,-0.160617,-0.0771353,-1.93294,6.22519,1.72635,-4.02378
15985.7,-0.160239,-0.0771865,-1.93741,6.23477,1.70624,-4.02365
15985.8,-0.160059,-0.0772075,-1.93958,6.24462,1.68555,-4.02352
15985.8,-0.159886,-0.0772257,-1.94172,6.25475,1.66428,-4.02339
15985.8,-0.159393,-0.0777946,-1.94381,6.26515,1.64244,-4.02325
15985.8,-0.158454,-0.0788935,-1.9479,6.27583,1.62003,-4.0231
15985.8,-0.158007,-0.0794243,-1.9499,6.28677,1.59705,-4.02296
15985.8,-0.157572,-0.0799424,-1.95187,6.29798,1.57351,-4.02281
15985.8,-0.157149,-0.0804482,-1.9538,6.30946,1.54942,-4.02265
15985.8,-0.156335,-0.0814251,-1.95758,6.3212,1.52477,-4.0225
15985.8,-0.155943,-0.081897,-1.95942,6.3332,1.49958,-4.02233
15985.8,-0.155561,-0.0823583,-1.96124,6.34545,1.47386,-4.02217
15985.9,-0.155188,-0.0828092,-1.96303,6.35795,1.4476,-4.022
15985.9,-0.15447,-0.0836809,-1.96653,6.37071,1.42082,-4.02183
15985.9,-0.154124,-0.0841021,-1.96825,6.38371,1.39353,-4.02166
15985.9,-0.153787,-0.0845137,-1.96994,6.39695,1.36573,-4.02148
15985.9,-0.152683,-0.0850153,-1.97168,6.41043,1.33743,-4.0213
15985.9,-0.150547,-0.0859812,-1.9751,6.42414,1.30864,-4.02112
15985.9,-0.149514,-0.0864458,-1.97677,6.43808,1.27937,-4.02093
15985.9,-0.148503,-0.0868964,-1.97843,6.45225,1.24963,-4.02074
15985.9,-0.147514,-0.0873353,-1.98006,6.46663,1.21943,-4.02055
15985.9,-0.145597,-0.0881787,-1.98326,6.48123,1.18878,-4.02035
15986,-0.14467,-0.0885836,-1.98483,6.49604,1.15769,-4.02015
15986,-0.143762,-0.0889775,-1.98639,6.51105,1.12616,-4.01995
15986,-0.142873,-0.0893602,-1.98793,6.52626,1.09422,-4.01975
15986,-0.141151,-0.0900924,-1.99096,6.54167,1.06188,-4.01954
15986,-0.140317,-0.0904465,-1.99246,6.55726,1.02914,-4.01933
15986,-0.1395,-0.09079,-1.99394,6.57304,0.99601,-4.01912
15986,-0.138369,-0.0915463,-1.9968,6.589,0.962512,-4.01891
15986,-0.138046,-0.0919562,-1.99819,6.60512,0.928656,-4.01869
15986,-0.137731,-0.0923529,-1.99956,6.62141,0.894453,-4.01847
15986.1,-0.137424,-0.092737,-2.00093,6.63786,0.859915,-4.01825
15986.1,-0.137126,-0.0931088,-2.00228,6.65446,0.825057,-4.01803
15986.1,-0.136839,-0.0934795,-2.00363,6.67121,0.789892,-4.01781
15986.1,-0.13656,-0.0938383,-2.00497,6.6881,0.754432,-4.01758
15986.1,-0.136032,-0.0945204,-2.00764,6.70512,0.718691,-4.01735
15986.1,-0.135782,-0.094844,-2.00897,6.72227,0.682683,-4.01712
15986.1,-0.13554,-0.0951563,-2.01029,6.73954,0.646423,-4.01689
15986.1,-0.135308,-0.0954574,-2.01161,6.75693,0.609923,-4.01666
15986.1,-0.134869,-0.0960274,-2.01424,6.77442,0.573199,-4.01642
15986.2,-0.134664,-0.0962955,-2.01554,6.79201,0.536264,-4.01619
15986.2,-0.134913,-0.0961817,-2.01631,6.8097,0.499134,-4.01595
15986.2,-0.135161,-0.0960655,-2.01709,6.82747,0.461822,-4.01571
15986.2,-0.135651,-0.0958251,-2.01869,6.84532,0.424343,-4.01547
15986.2,-0.135894,-0.0957007,-2.01951,6.86324,0.386713,-4.01523
15986.2,-0.136136,-0.0955735,-2.02034,6.88123,0.348946,-4.01499
15986.2,-0.136376,-0.0954432,-2.02119,6.89927,0.311057,-4.01475
15986.2,-0.136882,-0.0951675,-2.02295,6.91737,0.273062,-4.01451
15986.2,-0.137129,-0.0950246,-2.02384,6.93551,0.234975,-4.01426
15986.2,-0.137374,-0.0948782,-2.02474,6.95369,0.196811,-4.01402
15986.3,-0.137616,-0.0947284,-2.02565,6.97189,0.158586,-4.01378
15986.3,-0.138094,-0.0944189,-2.02751,6.99012,0.120315,-4.01353
15986.3,-0.138331,-0.0942596,-2.02846,7.00836,0.0820138,-4.01329
15986.3,-0.138566,-0.0940974,-2.02942,7.02661,0.0436971,-4.01304
15986.3,-0.139026,-0.0933697,-2.03087,7.04486,0.00538039,-4.0128
15986.3,-0.13992,-0.0919453,-2.03377,7.06311,-0.0329211,-4.01255
15986.3,-0.140356,-0.09125,-2.03522,7.08133,-0.0711918,-4.01231
15986.3,-0.140784,-0.090565,-2.03668,7.09954,-0.109416,-4.01207
15986.3,-0.141205,-0.08989,-2.03813,7.11772,-0.14758,-4.01182
15986.3,-0.142027,-0.0885679,-2.04104,7.13586,-0.185667,-4.01158
15986.4,-0.142428,-0.0879198,-2.04251,7.15395,-0.223663,-4.01134
15986.4,-0.142822,-0.0872798,-2.04397,7.172,-0.261552,-4.0111
15986.4,-0.143209,-0.0866436,-2.04544,7.18999,-0.299319,-4.01085
15986.4,-0.143965,-0.0853942,-2.0484,7.20791,-0.336949,-4.01061
15986.4,-0.144333,-0.0847809,-2.04988,7.22576,-0.374428,-4.01037
15986.4,-0.144695,-0.0841752,-2.05137,7.24353,-0.411739,-4.01014
15986.4,-0.14457,-0.0832803,-2.05263,7.26122,-0.44887,-4.0099
15986.4,-0.144333,-0.0815274,-2.05516,7.27881,-0.485805,-4.00966
15986.4,-0.144228,-0.080671,-2.05644,7.2963,-0.522529,-4.00943
15986.4,-0.144127,-0.0798264,-2.05772,7.31368,-0.559028,-4.0092
15986.5,-0.144029,-0.0789933,-2.05901,7.33096,-0.595289,-4.00897
15986.5,-0.143842,-0.0773604,-2.06162,7.34811,-0.631297,-4.00874
15986.5,-0.143752,-0.07656,-2.06293,7.36513,-0.667038,-4.00851
15986.5,-0.143665,-0.0757701,-2.06425,7.38202,-0.702497,-4.00828
15986.5,-0.14358,-0.0749905,-2.06558,7.39877,-0.737663,-4.00806
15986.5,-0.143405,-0.0734548,-2.06825,7.41537,-0.772521,-4.00783
15986.5,-0.143315,-0.0726985,-2.0696,7.43182,-0.807058,-4.00761
15986.5,-0.143227,-0.0719521,-2.07095,7.44811,-0.841262,-4.0074
15986.5,-0.143141,-0.0712157,-2.0723,7.46423,-0.875118,-4.00718
15986.5,-0.142865,-0.0712268,-2.07494,7.48019,-0.908616,-4.00697
15986.6,-0.142732,-0.0712246,-2.07627,7.49597,-0.941741,-4.00675
15986.6,-0.142603,-0.071218,-2.07761,7.51156,-0.974483,-4.00655
15986.6,-0.142477,-0.0712074,-2.07895,7.52697,-1.00683,-4.00634
15986.6,-0.142243,-0.0711797,-2.08166,7.54218,-1.03877,-4.00613
15986.6,-0.14213,-0.0711613,-2.08303,7.55719,-1.07029,-4.00593
15986.6,-0.142021,-0.0711402,-2.0844,7.572,-1.10138,-4.00573
15986.6,-0.141914,-0.0711167,-2.08577,7.5866,-1.13203,-4.00554
15986.6,-0.141708,-0.0710634,-2.08855,7.60098,-1.16224,-4.00535
15986.6,-0.141609,-0.0710342,-2.08994,7.61515,-1.19197,-4.00516
15986.7,-0.141513,-0.0710035,-2.09135,7.62909,-1.22124,-4.00497
15986.7,-0.141401,-0.070969,-2.09275,7.6428,-1.25003,-4.00479
15986.7,-0.1411,-0.07122,-2.09441,7.65628,-1.27833,-4.00461
15986.7,-0.140956,-0.0713428,-2.09528,7.66952,-1.30613,-4.00443
15986.7,-0.140816,-0.0714639,-2.09617,7.68252,-1.33343,-4.00425
15986.7,-0.140681,-0.0715834,-2.09708,7.69528,-1.36021,-4.00408
15986.7,-0.140422,-0.0718176,-2.09896,7.70778,-1.38646,-4.00392
15986.7,-0.140298,-0.0719323,-2.09994,7.72003,-1.41219,-4.00375
15986.7,-0.14019,-0.0720516,-2.10093,7.73203,-1.43738,-4.00359
15986.7,-0.140086,-0.0721689,-2.10194,7.74377,-1.46202,-4.00343
15986.7,-0.139985,-0.0722843,-2.10297,7.75525,-1.48612,-4.00328
15986.8,-0.139794,-0.072509,-2.1051,7.76646,-1.50966,-4.00313
15986.8,-0.139704,-0.0726183,-2.10619,7.7774,-1.53264,-4.00298
15986.8,-0.139616,-0.0727258,-2.1073,7.78808,-1.55505,-4.00284
15986.8,-0.140389,-0.0731684,-2.10925,7.79848,-1.57689,-4.0027
15986.8,-0.141221,-0.0734961,-2.1101,7.80861,-1.59816,-4.00256
15986.8,-0.142035,-0.0738166,-2.11097,7.81846,-1.61885,-4.00243
15986.8,-0.142833,-0.0741302,-2.11187,7.82804,-1.63895,-4.0023
15986.8,-0.144379,-0.0747362,-2.11375,7.83734,-1.65847,-4.00218
15986.8,-0.145128,-0.075029,-2.11473,7.84636,-1.67741,-4.00206
15986.9,-0.145864,-0.0753153,-2.11573,7.85509,-1.69576,-4.00194
15986.9,-0.146585,-0.0755953,-2.11677,7.86355,-1.71352,-4.00183
15986.9,-0.147996,-0.0761405,-2.11892,7.87173,-1.73069,-4.00172
15986.9,-0.148686,-0.0764055,-2.12003,7.87963,-1.74727,-4.00161
15986.9,-0.149363,-0.076664,-2.12117,7.88724,-1.76326,-4.00151
15986.9,-0.150029,-0.0769162,-2.12234,7.89458,-1.77866,-4.00141
15986.9,-0.151323,-0.0774021,-2.12475,7.90163,-1.79347,-4.00132
15986.9,-0.1512,-0.0776489,-2.12553,7.90841,-1.8077,-4.00123
15986.9,-0.151084,-0.0778893,-2.12635,7.91491,-1.82135,-4.00114
15986.9,-0.150973,-0.0781234,-2.12719,7.92114,-1.83442,-4.00106
15987,-0.150784,-0.0785828,-2.12899,7.92709,-1.84691,-4.00098
15987,-0.150697,-0.0788031,-2.12994,7.93276,-1.85883,-4.0009
15987,-0.150615,-0.0790173,-2.13092,7.93817,-1.87019,-4.00083
15987,-0.150536,-0.0792253,-2.13194,7.94332,-1.88099,-4.00076
15987,-0.150389,-0.0796235,-2.13407,7.94819,-1.89123,-4.00069
15987,-0.15032,-0.0798139,-2.13518,7.95281,-1.90092,-4.00063
15987,-0.150254,-0.0799985,-2.13632,7.95717,-1.91008,-4.00057
15987,-0.150208,-0.0801687,-2.13749,7.96128,-1.9187,-4.00052
15987,-0.150121,-0.0804919,-2.13991,7.96514,-1.9268,-4.00047
15987,-0.149756,-0.0801873,-2.14161,7.96875,-1.93439,-4.00042
15987.1,-0.149401,-0.0798861,-2.14334,7.97212,-1.94147,-4.00037
15987.1,-0.149056,-0.0795882,-2.14507,7.97526,-1.94807,-4.00033
15987.1,-0.148392,-0.0790016,-2.1486,7.97818,-1.95418,-4.00029
15987.1,-0.14808,-0.0787349,-2.15038,7.98086,-1.95982,-4.00026
15987.1,-0.147776,-0.0784703,-2.15219,7.98334,-1.96501,-4.00022
15987.1,-0.14748,-0.0782077,-2.154,7.9856,-1.96976,-4.00019
15987.1,-0.14691,-0.0776873,-2.15768,7.98766,-1.97408,-4.00017
15987.1,-0.146636,-0.0774291,-2.15954,7.98952,-1.97799,-4.00014
15987.1,-0.146369,-0.077172,-2.16141,7.99119,-1.9815,-4.00012
15987.1,-0.146109,-0.0769158,-2.16329,7.99268,-1.98464,-4.0001
15987.2,-0.14561,-0.0764067,-2.16709,7.994,-1.98741,-4.00008
15987.2,-0.145371,-0.076154,-2.16901,7.99516,-1.98984,-4.00006
15987.2,-0.144916,-0.0758986,-2.17039,7.99616,-1.99195,-4.00005
15987.2,-0.144471,-0.0756451,-2.17181,7.99702,-1.99375,-4.00004
15987.2,-0.143613,-0.0751439,-2.1747,7.99775,-1.99527,-4.00003
15987.2,-0.143199,-0.0748963,-2.17618,7.99834,-1.99652,-4.00002
15987.2,-0.142794,-0.0746507,-2.17769,7.99883,-1.99754,-4.00002
15987.2,-0.142399,-0.074407,-2.17921,7.99921,-1.99834,-4.00001
15987.2,-0.141639,-0.0739288,-2.18232,7.9995,-1.99895,-4.00001
15987.2,-0.141272,-0.0736928,-2.1839,7.99971,-1.99938,-4
15987.3,-0.140912,-0.0734593,-2.18549,7.99985,-1.99968,-4
15987.3,-0.140561,-0.0732281,-2.18711,7.99994,-1.99986,-4
15987.3,-0.139883,-0.0727731,-2.19039,7.99998,-1.99996,-4
15987.3,-0.139556,-0.0725493,-2.19206,8,-1.99999,-4
15987.3,-0.139235,-0.0723278,-2.19374,8,-2,-4
