time,x,y,z
1766255550.4032009,-0.2378388,-0.08413714,-1.125976
1766255550.5032349,-0.23776565,-0.08411127,-1.1268598
1766255550.6031542,-0.23767726,-0.084079996,-1.127928
1766255550.703235,-0.23757234,-0.08404288,-1.1291959
1766255550.803133,-0.2374497,-0.0839995,-1.1306778
1766255550.9031534,-0.23730819,-0.08394944,-1.1323879
1766255551.0032327,-0.23714669,-0.08389231,-1.1343393
1766255551.1032557,-0.23696414,-0.08382773,-1.1365453
1766255551.20345,-0.23675953,-0.083755344,-1.1390179
1766255551.303554,-0.23653185,-0.0836748,-1.1417689
1766255551.403456,-0.23628022,-0.083585784,-1.1448098
1766255551.5035374,-0.23600371,-0.083487965,-1.148151
1766255551.603523,-0.2357015,-0.08338106,-1.1518029
1766255551.7037504,-0.23537278,-0.083264776,-1.1557751
1766255551.80391,-0.23501681,-0.083138846,-1.1600767
1766255551.903861,-0.23463285,-0.083003014,-1.1647164
1766255552.0039804,-0.23422024,-0.08285705,-1.1697023
1766255552.1039453,-0.23377834,-0.08270073,-1.1750422
1766255552.2041352,-0.23330657,-0.08253384,-1.180743
1766255552.3041756,-0.23280436,-0.08235618,-1.1868117
1766255552.4041145,-0.2322712,-0.082167566,-1.1932544
1766255552.504154,-0.23170662,-0.08196784,-1.2000768
1766255552.6042802,-0.23111017,-0.08175684,-1.2072842
1766255552.7045367,-0.23048145,-0.08153443,-1.2148817
1766255552.8047101,-0.2298201,-0.081300475,-1.2228732
1766255552.9044771,-0.2291258,-0.08105486,-1.2312632
1766255553.0045972,-0.22839825,-0.08079748,-1.2400548
1766255553.1046846,-0.22763719,-0.08052825,-1.2492514
1766255553.2048998,-0.2268424,-0.08024709,-1.2588555
1766255553.3047478,-0.2260137,-0.07995393,-1.2688694
1766255553.4047496,-0.22515094,-0.079648726,-1.279295
1766255553.5049515,-0.22425398,-0.07933142,-1.2901337
1766255553.6049275,-0.22332276,-0.07900199,-1.3013866
1766255553.7051785,-0.2223572,-0.07866042,-1.3130543
1766255553.8051453,-0.22135729,-0.07830669,-1.3251373
1766255553.905078,-0.22032303,-0.077940814,-1.3376352
1766255554.005201,-0.21925445,-0.0775628,-1.3505477
1766255554.1051984,-0.21815164,-0.077172674,-1.363874
1766255554.205491,-0.21701469,-0.07677047,-1.3776128
1766255554.3056605,-0.2158437,-0.076356225,-1.3917629
1766255554.4056153,-0.21463886,-0.07593001,-1.406322
1766255554.5057015,-0.21340035,-0.07549187,-1.4212883
1766255554.6054778,-0.21212834,-0.07504189,-1.4366589
1766255554.7056847,-0.21082312,-0.074580155,-1.4524312
1766255554.8057132,-0.20948492,-0.07410676,-1.468602
1766255554.9057598,-0.20811401,-0.073621795,-1.4851677
1766255555.0057836,-0.20671076,-0.07312538,-1.5021245
1766255555.1060224,-0.20527548,-0.072617635,-1.5194685
1766255555.2059674,-0.2038085,-0.07209869,-1.5371952
1766255555.3060668,-0.20231026,-0.071568675,-1.5552999
1766255555.406338,-0.20078114,-0.07102773,-1.5737777
1766255555.5061412,-0.19922155,-0.070476025,-1.5926235
1766255555.6063173,-0.197632,-0.06991371,-1.6118317
1766255555.7063184,-0.19601291,-0.069340944,-1.6313964
1766255555.806643,-0.19436482,-0.06875792,-1.6513119
1766255555.9064174,-0.19268823,-0.06816481,-1.6715717
1766255556.0064945,-0.19098365,-0.067561805,-1.6921697
1766255556.106441,-0.18925165,-0.0669491,-1.713099
1766255556.206627,-0.18749282,-0.0663269,-1.7343526
1766255556.3067873,-0.18570775,-0.06569542,-1.7559233
1766255556.4069605,-0.18389703,-0.06505486,-1.7778037
1766255556.506989,-0.18206131,-0.06440546,-1.7999865
1766255556.6071672,-0.18020122,-0.06374744,-1.8224636
1766255556.7070198,-0.17831741,-0.06308103,-1.8452275
1766255556.8076763,-0.17641057,-0.062406477,-1.8682696
1766255556.9071267,-0.17448139,-0.061724015,-1.8915815
1766255557.0073593,-0.17253058,-0.0610339,-1.915155
1766255557.1073043,-0.17055884,-0.060336385,-1.9389813
1766255557.2075975,-0.16856691,-0.059631728,-1.9630516
1766255557.3074446,-0.16655554,-0.05892019,-1.9873569
1766255557.407577,-0.16452546,-0.058202036,-2.011888
1766255557.5075552,-0.1624775,-0.057477556,-2.0366356
1766255557.607743,-0.16041237,-0.056747004,-2.0615902
1766255557.7077456,-0.15833092,-0.056010675,-2.0867424
1766255557.8078775,-0.1562339,-0.055268843,-2.1120825
1766255557.9077508,-0.15412217,-0.0545218,-2.1376007
1766255558.0081859,-0.1519965,-0.053769827,-2.1632872
1766255558.1078076,-0.14985776,-0.053013228,-2.1891315
1766255558.2080262,-0.14770675,-0.0522523,-2.2151241
1766255558.3079796,-0.14554435,-0.051487334,-2.2412543
1766255558.4081523,-0.14337137,-0.05071863,-2.2675123
1766255558.5083616,-0.14118871,-0.0499465,-2.2938874
1766255558.6085403,-0.1389972,-0.049171235,-2.3203695
1766255558.7083087,-0.13679774,-0.04839316,-2.3469477
1766255558.8085148,-0.13459118,-0.047612574,-2.3736115
1766255558.9083488,-0.1323784,-0.046829786,-2.4003506
1766255559.0085387,-0.13016027,-0.046045113,-2.427154
1766255559.1085064,-0.1279377,-0.04525886,-2.4540114
1766255559.2088134,-0.12571156,-0.044471346,-2.4809122
1766255559.3086078,-0.12348275,-0.04368289,-2.507845
1766255559.408676,-0.121252164,-0.0428938,-2.534799
1766255559.5086741,-0.11902067,-0.042104397,-2.5617642
1766255559.6087978,-0.11678918,-0.041314993,-2.5887294
1766255559.7088416,-0.114558585,-0.040525902,-2.6156836
1766255559.8092282,-0.11232978,-0.039737444,-2.6426163
1766255559.9092298,-0.11010365,-0.038949937,-2.6695168
1766255560.009166,-0.10788107,-0.038163684,-2.6963744
1766255560.1091912,-0.10566296,-0.03737901,-2.7231777
1766255560.2090526,-0.10345015,-0.036596216,-2.749917
1766255560.3092592,-0.1012436,-0.03581563,-2.7765808
1766255560.4094806,-0.099044114,-0.03503755,-2.8031592
1766255560.5094516,-0.096852615,-0.034262292,-2.829641
1766255560.6095312,-0.09466995,-0.03349016,-2.8560162
1766255560.7093422,-0.09249699,-0.03272146,-2.8822742
1766255560.8097272,-0.09033458,-0.031956494,-2.9084044
1766255560.9098601,-0.08818358,-0.031195562,-2.934397
1766255561.0096774,-0.08604485,-0.030438967,-2.9602413
1766255561.1096487,-0.08391918,-0.029686999,-2.9859276
1766255561.209832,-0.08180745,-0.028939955,-3.0114458
1766255561.3099315,-0.079710424,-0.028198123,-3.0367858
1766255561.4099424,-0.07762894,-0.027461782,-3.0619383
1766255561.510061,-0.07556383,-0.026731238,-3.086893
1766255561.6099646,-0.07351586,-0.02600675,-3.1116405
1766255561.71,-0.0714858,-0.025288604,-3.1361716
1766255561.8101761,-0.06947443,-0.024577066,-3.160477
1766255561.9102156,-0.067482516,-0.023872413,-3.184547
1766255562.010232,-0.065510765,-0.023174893,-3.2083733
1766255562.1103423,-0.06355995,-0.02248478,-3.231947
1766255562.210575,-0.06163077,-0.021802317,-3.255259
1766255562.3105607,-0.059723943,-0.02112776,-3.278301
1766255562.4105868,-0.05784014,-0.02046135,-3.3010647
1766255562.5106263,-0.05598004,-0.01980333,-3.3235419
1766255562.6106296,-0.054144323,-0.01915393,-3.3457246
1766255562.7106104,-0.052333593,-0.018513374,-3.3676052
1766255562.8111496,-0.05054851,-0.017881885,-3.3891761
1766255562.910914,-0.048789695,-0.017259695,-3.4104295
1766255563.0111403,-0.047057703,-0.016646989,-3.4313588
1766255563.11095,-0.04535313,-0.016043983,-3.4519567
1766255563.210941,-0.043676525,-0.01545088,-3.4722166
1766255563.3111303,-0.042028412,-0.01486785,-3.4921322
1766255563.41137,-0.04040934,-0.014295086,-3.5116968
1766255563.5111685,-0.03881979,-0.013732776,-3.530905
1766255563.6112843,-0.03726022,-0.013181061,-3.5497506
1766255563.7112565,-0.035731092,-0.012640126,-3.5682285
1766255563.811535,-0.03423284,-0.012110107,-3.5863333
1766255563.9116068,-0.032765865,-0.011591159,-3.60406
1766255564.0119061,-0.03133057,-0.011083409,-3.621404
1766255564.1114783,-0.029927313,-0.010586999,-3.6383607
1766255564.2115302,-0.028556421,-0.010102034,-3.6549265
1766255564.3116658,-0.027218223,-0.009628631,-3.6710973
1766255564.4119341,-0.025912985,-0.009166904,-3.6868696
1766255564.5118246,-0.024640992,-0.008716926,-3.7022402
1766255564.6118827,-0.023402482,-0.008278795,-3.7172065
1766255564.7119393,-0.022197634,-0.007852569,-3.7317657
1766255564.8119338,-0.021026671,-0.007438332,-3.7459154
1766255564.9121735,-0.019889712,-0.007036127,-3.7596545
1766255565.012025,-0.018786892,-0.0066459924,-3.7729807
1766255565.1124082,-0.017718315,-0.0062679797,-3.7858932
1766255565.2121685,-0.01668404,-0.0059020966,-3.7983913
1766255565.3123302,-0.015684143,-0.005548373,-3.8104742
1766255565.4124422,-0.014718577,-0.005206801,-3.822142
1766255565.5124302,-0.013787344,-0.0048773736,-3.8333948
1766255565.612688,-0.0128903985,-0.0045600682,-3.8442335
1766255565.7124295,-0.012027636,-0.0042548627,-3.854659
1766255565.8127282,-0.011198938,-0.0039617047,-3.864673
1766255565.9127061,-0.010404155,-0.003680542,-3.8742769
1766255566.0128422,-0.009643093,-0.0034113154,-3.8834736
1766255566.1127167,-0.008915544,-0.003153935,-3.8922653
1766255566.2129111,-0.008221239,-0.0029083192,-3.9006553
1766255566.3128495,-0.0075599104,-0.002674371,-3.9086468
1766255566.4129376,-0.006931171,-0.0024519488,-3.9162443
1766255566.5131683,-0.006334722,-0.0022409558,-3.9234517
1766255566.6130636,-0.005770147,-0.002041228,-3.930274
1766255566.7130768,-0.0052369833,-0.0018526167,-3.9367168
1766255566.813246,-0.0047347695,-0.0016749576,-3.9427855
1766255566.9135618,-0.0042629987,-0.0015080646,-3.9484863
1766255567.013438,-0.0038211048,-0.0013517439,-3.9538262
1766255567.113389,-0.0034084916,-0.0012057796,-3.9588122
1766255567.213485,-0.0030245334,-0.0010699481,-3.9634519
1766255567.3135657,-0.0026685596,-0.0009440258,-3.9677534
1766255567.413671,-0.00233984,-0.00082773715,-3.9717255
1766255567.5137155,-0.0020376295,-0.0007208288,-3.9753773
1766255567.6137056,-0.0017611384,-0.0006230101,-3.9787185
1766255567.713666,-0.0015094876,-0.00053399056,-3.9817595
1766255567.8137975,-0.0012818128,-0.0004534498,-3.9845107
1766255567.913984,-0.00107719,-0.0003810674,-3.9869833
1766255568.0138173,-0.0008946508,-0.00031648576,-3.9891891
1766255568.1139712,-0.00073315203,-0.00025936216,-3.9911406
1766255568.2140164,-0.0005916357,-0.00020929426,-3.9928508
1766255568.3141298,-0.00046901405,-0.00016591698,-3.9943326
1766255568.4142256,-0.00036409497,-0.00012879819,-3.9956005
1766255568.5142672,-0.00027568638,-9.752065e-05,-3.9966688
1766255568.6142328,-0.00020253658,-7.165223e-05,-3.9975526
1766255568.7143378,-0.00014334917,-5.070865e-05,-3.998268
1766255568.8143175,-9.678304e-05,-3.4235418e-05,-3.9988306
1766255568.9145074,-6.1407685e-05,-2.1725893e-05,-3.999258
1766255569.0146484,-3.580749e-05,-1.2665987e-05,-3.9995673
1766255569.1144793,-1.847744e-05,-6.534159e-06,-3.9997768
1766255569.2146542,-7.852912e-06,-2.7790666e-06,-3.999905
1766255569.3147414,-2.3394823e-06,-8.2701445e-07,-3.9999716
1766255569.4150136,-2.9802322e-07,-1.0430813e-07,-3.9999964
1766255569.5149784,0.0,0.0,-4.0
1766255569.7149289,0.023961779,-0.006954675,-3.9715023
1766255569.8150465,0.02396423,-0.006952185,-3.9715023
1766255569.915028,0.023981243,-0.0069349054,-3.9715025
1766255570.0150976,0.024026979,-0.0068884552,-3.9715033
1766255570.1153784,0.024115156,-0.006798897,-3.9715044
1766255570.2151368,0.024259072,-0.0066527305,-3.9715066
1766255570.3154025,0.024471588,-0.006436889,-3.9715097
1766255570.4153118,0.024765149,-0.006138736,-3.971514
1766255570.515443,0.025151778,-0.005746058,-3.9715195
1766255570.6153796,0.025643086,-0.005247062,-3.9715266
1766255570.7155702,0.026250279,-0.004630371,-3.9715352
1766255570.8156831,0.02698415,-0.0038850172,-3.971546
1766255570.9160118,0.027855098,-0.0030004415,-3.9715586
1766255571.0156944,0.028873127,-0.0019664853,-3.971573
1766255571.1158335,0.030047847,-0.00077338656,-3.97159
1766255571.2158737,0.03138848,0.00058822194,-3.9716094
1766255571.3157933,0.032903865,0.0021273172,-3.9716313
1766255571.416019,0.034602474,0.003852501,-3.9716558
1766255571.516002,0.036492392,0.0057719867,-3.971683
1766255571.6160176,0.038581334,0.007893613,-3.971713
1766255571.7160487,0.040876664,0.010224856,-3.9717462
1766255571.8160946,0.04338538,0.012772819,-3.9717824
1766255571.9163942,0.046114117,0.015544251,-3.9718218
1766255572.0164428,0.049069166,0.018545536,-3.9718645
1766255572.1164675,0.05225647,0.021782704,-3.9719105
1766255572.2163758,0.05568163,0.025261456,-3.9719598
1766255572.3165505,0.059349902,0.028987119,-3.9720128
1766255572.4167593,0.06326623,0.03296473,-3.972069
1766255572.5172055,0.067435205,0.03719892,-3.9721293
1766255572.6166584,0.07186109,0.041694053,-3.972193
1766255572.7165911,0.07654786,0.046454158,-3.9722607
1766255572.816786,0.081499144,0.051482905,-3.972332
1766255572.916939,0.086718276,0.056783687,-3.9724073
1766255573.016804,0.09220828,0.062359583,-3.9724865
1766255573.117062,0.09797186,0.068213336,-3.9725697
1766255573.2171006,0.10401143,0.07434741,-3.9726567
1766255573.3173306,0.110329166,0.08076398,-3.9727478
1766255573.4171505,0.11692685,0.0874649,-3.972843
1766255573.5172236,0.123806074,0.09445174,-3.972942
1766255573.6171808,0.13096808,0.10172581,-3.9730456
1766255573.717301,0.13841392,0.10928814,-3.9731529
1766255573.8174229,0.14614426,0.11713944,-3.9732645
1766255573.9174259,0.15415959,0.12528017,-3.9733799
1766255574.017469,0.16246013,0.13371058,-3.9734998
1766255574.1176405,0.17104578,0.14243056,-3.9736235
1766255574.217504,0.17991622,0.15143979,-3.9737513
1766255574.317523,0.18907095,0.16073775,-3.9738834
1766255574.4179015,0.19850911,0.17032357,-3.9740195
1766255574.5177486,0.20822966,0.1801962,-3.9741597
1766255574.6176949,0.21823135,0.19035436,-3.974304
1766255574.7180378,0.22851261,0.2007965,-3.9744523
1766255574.8179812,0.23907174,0.21152084,-3.9746046
1766255574.9182463,0.24990676,0.22252537,-3.9747608
1766255575.0179508,0.2610155,0.23380792,-3.974921
1766255575.118036,0.27239564,0.24536613,-3.975085
1766255575.2180326,0.28404444,0.25719714,-3.975253
1766255575.3182788,0.29595914,0.26929826,-3.975425
1766255575.4182775,0.30813676,0.28166643,-3.9756005
1766255575.518367,0.32057405,0.2942983,-3.97578
1766255575.6183674,0.3332677,0.30719054,-3.975963
1766255575.7185307,0.34621415,0.32033953,-3.9761498
1766255575.8185823,0.35940945,0.3337413,-3.97634
1766255575.918698,0.3728498,0.34739193,-3.976534
1766255576.0185356,0.38653103,0.36128724,-3.976731
1766255576.1187134,0.40044892,0.37542287,-3.9769318
1766255576.2188144,0.414599,0.38979432,-3.977136
1766255576.318743,0.4289767,0.40439698,-3.9773433
1766255576.4187958,0.44357714,0.41922584,-3.9775538
1766255576.5189471,0.45839548,0.434276,-3.9777675
1766255576.6188319,0.47342667,0.4495424,-3.9779844
1766255576.719023,0.48866543,0.46501958,-3.978204
1766255576.8191724,0.50410646,0.48070225,-3.9784267
1766255576.9191964,0.51974446,0.4965849,-3.9786522
1766255577.019398,0.5355736,0.51266164,-3.9788806
1766255577.1192253,0.5515882,0.5289268,-3.9791114
1766255577.2194097,0.56778234,0.54537433,-3.979345
1766255577.3193393,0.5841502,0.5619983,-3.979581
1766255577.4194262,0.60068566,0.57879245,-3.9798195
1766255577.5194256,0.6173825,0.5957506,-3.9800603
1766255577.6194537,0.63423467,0.61286634,-3.9803035
1766255577.7195423,0.65123534,0.63013303,-3.9805486
1766255577.8196406,0.6683784,0.64754426,-3.9807959
1766255577.9197648,0.685657,0.66509324,-3.981045
1766255578.0196767,0.70306486,0.6827734,-3.981296
1766255578.1199026,0.72059494,0.70057774,-3.9815488
1766255578.2197468,0.73824066,0.71849954,-3.9818034
1766255578.3198478,0.7559949,0.7365316,-3.9820595
1766255578.4199877,0.77385086,0.7546669,-3.982317
1766255578.5199482,0.79180145,0.7728984,-3.982576
1766255578.6199746,0.8098398,0.79121894,-3.982836
1766255578.7203133,0.8279586,0.8096212,-3.9830973
1766255578.8202696,0.8461509,0.8280981,-3.9833596
1766255578.9202726,0.86440915,0.8466421,-3.983623
1766255579.0202188,0.8827264,0.8652459,-3.9838872
1766255579.120199,0.9010952,0.8839021,-3.984152
1766255579.2204769,0.91950834,0.9026033,-3.9844174
1766255579.3203773,0.9379584,0.9213421,-3.9846835
1766255579.4205792,0.95643824,0.940111,-3.98495
1766255579.5207458,0.9749401,0.95890236,-3.9852169
1766255579.620629,0.9934568,0.9777087,-3.9854841
1766255579.720787,1.0119809,0.99652267,-3.9857512
1766255579.8206854,1.0305051,1.0153366,-3.9860182
1766255579.9208848,1.0490217,1.0341431,-3.9862854
1766255580.0209005,1.0675236,1.0529344,-3.9865522
1766255580.1209471,1.0860032,1.0717031,-3.9868188
1766255580.2209544,1.1044534,1.090442,-3.9870849
1766255580.3214567,1.1228665,1.1091431,-3.9873502
1766255580.4210455,1.1412355,1.1277995,-3.987615
1766255580.5212214,1.1595527,1.1464033,-3.9878793
1766255580.6210985,1.177811,1.1649474,-3.9881427
1766255580.721391,1.1960032,1.1834241,-3.988405
1766255580.8216772,1.214122,1.2018265,-3.9886663
1766255580.9214969,1.2321603,1.220147,-3.9889264
1766255581.0215871,1.250111,1.2383784,-3.9891853
1766255581.121457,1.267967,1.2565138,-3.9894428
1766255581.2214847,1.2857212,1.2745458,-3.989699
1766255581.3216689,1.3033668,1.2924675,-3.9899535
1766255581.4215539,1.3208969,1.3102717,-3.9902062
1766255581.5218544,1.3383046,1.3279519,-3.9904573
1766255581.6216002,1.3555835,1.3455012,-3.9907064
1766255581.7217498,1.3727264,1.3629124,-3.9909537
1766255581.8217645,1.3897272,1.380179,-3.9911988
1766255581.9221396,1.4065793,1.3972948,-3.991442
1766255582.0219786,1.4232761,1.4142529,-3.9916828
1766255582.1220312,1.4398115,1.431047,-3.9919212
1766255582.222186,1.4561794,1.4476709,-3.9921572
1766255582.3221145,1.4723736,1.4641186,-3.9923909
1766255582.4222271,1.4883882,1.4803836,-3.9926217
1766255582.522247,1.5042173,1.4964604,-3.99285
1766255582.622202,1.5198551,1.5123429,-3.9930756
1766255582.7226293,1.5352962,1.5280256,-3.9932983
1766255582.8223696,1.550535,1.5435028,-3.9935179
1766255582.9225042,1.5655663,1.5587693,-3.9937348
1766255583.0225816,1.5803847,1.5738195,-3.9939485
1766255583.1225376,1.5949851,1.5886483,-3.994159
1766255583.2225246,1.6093627,1.603251,-3.9943664
1766255583.3227324,1.6235129,1.6176225,-3.9945705
1766255583.42284,1.6374307,1.6317581,-3.9947712
1766255583.5227647,1.651112,1.6456535,-3.9949684
1766255583.6250696,1.6645523,1.659304,-3.9951622
1766255583.7228103,1.6777476,1.6727058,-3.9953525
1766255583.8230326,1.690694,1.6858547,-3.9955392
1766255583.9229584,1.7033876,1.6987469,-3.9957223
1766255584.0230563,1.715825,1.7113788,-3.9959018
1766255584.1232266,1.7280027,1.7237471,-3.9960773
1766255584.2232606,1.7399174,1.7358482,-3.9962492
1766255584.3233142,1.7515662,1.7476792,-3.9964173
1766255584.423403,1.7629464,1.7592374,-3.9965813
1766255584.5233352,1.7740551,1.77052,-3.9967415
1766255584.6232724,1.78489,1.7815245,-3.9968977
1766255584.7234938,1.7954491,1.7922488,-3.99705
1766255584.8235176,1.8057303,1.8026909,-3.9971983
1766255584.9235573,1.8157321,1.8128492,-3.9973426
1766255585.023771,1.8254526,1.8227217,-3.9974828
1766255585.1237009,1.8348907,1.8323075,-3.997619
1766255585.2235777,1.8440455,1.8416055,-3.997751
1766255585.3236558,1.852916,1.8506148,-3.9978788
1766255585.4238863,1.8615017,1.8593348,-3.9980025
1766255585.5237143,1.8698022,1.8677652,-3.9981225
1766255585.6238182,1.8778176,1.875906,-3.9982378
1766255585.7240283,1.8855479,1.8837572,-3.9983494
1766255585.8241296,1.8929937,1.8913195,-3.9984567
1766255585.9241662,1.9001557,1.8985935,-3.9985602
1766255586.0241368,1.907035,1.9055804,-3.9986594
1766255586.124134,1.9136325,1.9122813,-3.9987545
1766255586.2242038,1.9199504,1.918698,-3.9988456
1766255586.3243785,1.9259899,1.924832,-3.9989326
1766255586.424391,1.9317535,1.9306858,-3.9990158
1766255586.5245054,1.9372435,1.9362615,-3.999095
1766255586.6243794,1.9424627,1.9415624,-3.9991703
1766255586.7244499,1.9474139,1.9465911,-3.9992416
1766255586.8244376,1.9521006,1.9513513,-3.9993093
1766255586.924741,1.9565265,1.9558464,-3.999373
1766255587.0247536,1.9606955,1.9600806,-3.9994333
1766255587.124675,1.9646119,1.9640582,-3.9994895
1766255587.2247388,1.9682802,1.9677839,-3.9995425
1766255587.3249278,1.9717053,1.9712627,-3.9995918
1766255587.4250808,1.9748926,1.9744998,-3.9996378
1766255587.525059,1.9778476,1.977501,-3.9996805
1766255587.624927,1.9805764,1.9802725,-3.9997199
1766255587.724912,1.9830852,1.9828205,-3.999756
1766255587.8250363,1.9853804,1.9851516,-3.9997892
1766255587.9250565,1.9874694,1.9872733,-3.9998193
1766255588.0251405,1.9893593,1.9891928,-3.9998465
1766255588.1252632,1.991058,1.990918,-3.999871
1766255588.225228,1.9925733,1.9924572,-3.999893
1766255588.325515,1.9939139,1.9938188,-3.9999123
1766255588.4256387,1.9950887,1.9950118,-3.9999292
1766255588.5256288,1.9961066,1.9960458,-3.9999437
1766255588.6254625,1.9969776,1.9969304,-3.9999564
1766255588.7255986,1.9977115,1.9976757,-3.999967
1766255588.8257365,1.9983187,1.9982924,-3.9999757
1766255588.9257257,1.99881,1.9987915,-3.9999828
1766255589.0256696,1.9991966,1.9991841,-3.9999883
1766255589.125774,1.9994903,1.9994822,-3.9999926
1766255589.2257469,1.9997027,1.9996982,-3.9999957
1766255589.325839,1.9998467,1.9998443,-3.9999979
1766255589.425921,1.9999348,1.9999337,-3.999999
1766255589.5258467,1.9999806,1.9999802,-3.9999998
1766255589.6258895,1.9999975,1.9999974,-4.0
1766255589.7260635,2.0,2.0,-4.0
1766255589.9262006,2.0524044,2.0546434,-3.9906292
1766255590.026178,2.0524068,2.0546384,-3.9906292
1766255590.1263602,2.0524235,2.0546033,-3.9906292
1766255590.2262475,2.0524688,2.0545096,-3.9906294
1766255590.326464,2.0525556,2.0543287,-3.99063
1766255590.4267359,2.0526974,2.0540333,-3.9906306
1766255590.5265281,2.052907,2.0535972,-3.9906316
1766255590.626481,2.0531962,2.052995,-3.990633
1766255590.7265115,2.0535772,2.0522015,-3.990635
1766255590.8267817,2.0540614,2.0511935,-3.990637
1766255590.926754,2.05466,2.0499475,-3.9906402
1766255591.026708,2.0553832,2.048442,-3.9906435
1766255591.1267035,2.0562418,2.0466547,-3.9906476
1766255591.2269726,2.057245,2.0445657,-3.9906526
1766255591.3270967,2.0584028,2.0421553,-3.990658
1766255591.4269812,2.059724,2.0394044,-3.9906645
1766255591.5270777,2.0612178,2.0362952,-3.9906716
1766255591.627008,2.062892,2.0328097,-3.9906797
1766255591.7271063,2.0647547,2.0289319,-3.9906886
1766255591.8272998,2.0668135,2.0246453,-3.9906986
1766255591.9273157,2.0690758,2.0199356,-3.9907093
1766255592.0272682,2.0715485,2.014788,-3.9907212
1766255592.1273463,2.0742378,2.009189,-3.9907343
1766255592.2274098,2.0771503,2.0031254,-3.9907482
1766255592.327653,2.0802917,1.9965854,-3.9907634
1766255592.427499,2.0836678,1.9895573,-3.9907796
1766255592.527504,2.0872831,1.9820303,-3.990797
1766255592.6274912,2.0911431,1.9739944,-3.9908156
1766255592.7276404,2.095252,1.96544,-3.9908354
1766255592.827843,2.0996141,1.9563586,-3.9908564
1766255592.9278176,2.1042335,1.9467417,-3.9908786
1766255593.0277946,2.1091137,1.9365822,-3.990902
1766255593.1278355,2.1142576,1.925873,-3.9909267
1766255593.2279027,2.1196685,1.914608,-3.9909527
1766255593.3279593,2.1253493,1.9027817,-3.9909801
1766255593.428179,2.1313019,1.8903891,-3.9910088
1766255593.5280104,2.1375287,1.8774257,-3.9910388
1766255593.6283205,2.1440313,1.8638878,-3.99107
1766255593.7280738,2.1508117,1.8497723,-3.9911027
1766255593.8284292,2.1578705,1.8350766,-3.9911366
1766255593.928312,2.165209,1.8197985,-3.9911718
1766255594.0284872,2.1728282,1.8039365,-3.9912086
1766255594.1283116,2.1807282,1.7874898,-3.9912467
1766255594.2284877,2.1889093,1.7704579,-3.991286
1766255594.3283994,2.1973712,1.752841,-3.9913268
1766255594.4285011,2.206114,1.7346396,-3.9913688
1766255594.5285003,2.215137,1.715855,-3.9914122
1766255594.6285477,2.2244394,1.6964887,-3.991457
1766255594.7286649,2.23402,1.6765431,-3.991503
1766255594.8289015,2.2438776,1.6560206,-3.9915504
1766255594.928732,2.254011,1.6349244,-3.9915993
1766255595.0289261,2.2644181,1.6132581,-3.9916494
1766255595.128902,2.2750971,1.5910256,-3.9917006
1766255595.228909,2.286046,1.5682316,-3.9917533
1766255595.3291917,2.2972624,1.5448806,-3.9918072
1766255595.4290679,2.3087435,1.5209785,-3.9918625
1766255595.529087,2.3204868,1.4965305,-3.991919
1766255595.6290705,2.332489,1.4715432,-3.9919767
1766255595.7290664,2.3447473,1.446023,-3.9920359
1766255595.8292468,2.3572583,1.419977,-3.992096
1766255595.9292428,2.3700182,1.393412,-3.9921575
1766255596.0293872,2.3830237,1.3663366,-3.99222
1766255596.1293218,2.3962705,1.3387582,-3.9922836
1766255596.2295172,2.409755,1.3106856,-3.9923487
1766255596.3296406,2.4234724,1.2821274,-3.9924145
1766255596.429395,2.437419,1.2530928,-3.9924817
1766255596.5295327,2.4515896,1.2235911,-3.99255
1766255596.6299293,2.46598,1.1936324,-3.992619
1766255596.7297745,2.4805849,1.1632266,-3.9926894
1766255596.829763,2.4953997,1.132384,-3.9927607
1766255596.9298449,2.5104191,1.1011155,-3.992833
1766255597.0302777,2.525638,1.0694318,-3.992906
1766255597.129986,2.541051,1.0373442,-3.9929802
1766255597.230025,2.556652,1.0048643,-3.9930553
1766255597.329896,2.5724363,0.97200394,-3.9931314
1766255597.4299939,2.5883975,0.93877494,-3.9932082
1766255597.5299962,2.6045296,0.90518963,-3.9932857
1766255597.6301093,2.6208272,0.8712605,-3.993364
1766255597.7304077,2.6372836,0.837,-3.9934433
1766255597.8303716,2.6538932,0.8024211,-3.9935234
1766255597.9302907,2.670649,0.76753736,-3.993604
1766255598.0302818,2.6875453,0.73236144,-3.9936852
1766255598.1304402,2.7045753,0.6969073,-3.993767
1766255598.2304552,2.7217326,0.6611881,-3.9938498
1766255598.3305411,2.7390103,0.62521803,-3.9939327
1766255598.4307225,2.756402,0.5890107,-3.9940164
1766255598.530512,2.7739007,0.5525806,-3.9941006
1766255598.6306715,2.7914996,0.51594186,-3.9941854
1766255598.7307546,2.809192,0.47910893,-3.9942706
1766255598.8308485,2.8269706,0.442096,-3.994356
1766255598.9307277,2.8448286,0.40491796,-3.994442
1766255599.0311048,2.862759,0.36758912,-3.9945283
1766255599.1307957,2.8807545,0.33012474,-3.9946148
1766255599.2311065,2.898808,0.2925396,-3.9947016
1766255599.3309715,2.9169126,0.25484848,-3.9947886
1766255599.4311213,2.9350607,0.21706653,-3.9948761
1766255599.5310614,2.9532452,0.17920864,-3.9949636
1766255599.6313257,2.971459,0.14128983,-3.9950511
1766255599.7312083,2.9896946,0.103325725,-3.995139
1766255599.8312175,3.0079446,0.06533134,-3.9952269
1766255599.9312112,3.0262022,0.027321577,-3.9953146
1766255600.0313056,3.0444598,-0.010688305,-3.9954023
1766255600.1313155,3.0627098,-0.04868269,-3.9954903
1766255600.2315068,3.0809455,-0.086646795,-3.995578
1766255600.331358,3.0991592,-0.12456536,-3.9956656
1766255600.431672,3.1173437,-0.16242313,-3.995753
1766255600.5315483,3.1354918,-0.20020509,-3.9958405
1766255600.6316748,3.1535964,-0.23789668,-3.9959276
1766255600.731946,3.17165,-0.2754817,-3.9960144
1766255600.8319461,3.1896455,-0.31294632,-3.996101
1766255600.931737,3.2075758,-0.3502748,-3.9961872
1766255601.0318058,3.2254338,-0.38745284,-3.9962733
1766255601.1319065,3.2432125,-0.4244659,-3.9963586
1766255601.2320788,3.2609048,-0.46129894,-3.9964437
1766255601.3319495,3.2785037,-0.49793768,-3.9965286
1766255601.4319613,3.2960024,-0.53436756,-3.9966128
1766255601.5320685,3.313394,-0.57057476,-3.9966965
1766255601.6321492,3.3306718,-0.60654473,-3.9967794
1766255601.7322452,3.3478289,-0.6422639,-3.9968622
1766255601.8325512,3.364859,-0.67771864,-3.996944
1766255601.932357,3.3817554,-0.7128942,-3.9970253
1766255602.0323262,3.3985114,-0.7477782,-3.9971058
1766255602.1323245,3.4151208,-0.782357,-3.997186
1766255602.232546,3.4315772,-0.81661725,-3.997265
1766255602.33246,3.4478748,-0.85054636,-3.9973435
1766255602.4325008,3.464007,-0.8841319,-3.997421
1766255602.5327046,3.479968,-0.9173608,-3.9974978
1766255602.632689,3.4957523,-0.95022106,-3.9975739
1766255602.7326837,3.5113535,-0.9827008,-3.997649
1766255602.8327644,3.5267663,-1.0147884,-3.997723
1766255602.9327173,3.541985,-1.0464721,-3.9977963
1766255603.032825,3.5570045,-1.0777407,-3.9978685
1766255603.1328685,3.5718193,-1.1085835,-3.9979398
1766255603.2330928,3.5864246,-1.1389894,-3.9980102
1766255603.3330739,3.6008148,-1.1689479,-3.9980793
1766255603.4329891,3.6149855,-1.1984496,-3.9981475
1766255603.5329964,3.628932,-1.2274842,-3.9982147
1766255603.6330547,3.6426494,-1.2560422,-3.9982805
1766255603.7332008,3.6561337,-1.2841151,-3.9983456
1766255603.8333101,3.6693807,-1.3116934,-3.9984093
1766255603.9331582,3.682386,-1.3387687,-3.9984717
1766255604.0332768,3.695146,-1.3653336,-3.9985332
1766255604.133337,3.7076569,-1.3913796,-3.9985933
1766255604.2335227,3.7199154,-1.4168999,-3.9986525
1766255604.33343,3.7319179,-1.4418874,-3.9987102
1766255604.4334795,3.743661,-1.4663353,-3.9987667
1766255604.5336497,3.7551422,-1.4902375,-3.998822
1766255604.6337154,3.7663584,-1.5135884,-3.9988759
1766255604.733738,3.7773073,-1.5363827,-3.9989285
1766255604.8338332,3.7879863,-1.558615,-3.9989798
1766255604.9337995,3.7983932,-1.5802813,-3.9990299
1766255605.0338504,3.8085265,-1.6013775,-3.9990788
1766255605.1337883,3.8183844,-1.6219001,-3.9991262
1766255605.2339003,3.827965,-1.6418455,-3.9991722
1766255605.333807,3.8372674,-1.6612117,-3.999217
1766255605.4338934,3.84629,-1.6799965,-3.9992604
1766255605.5339608,3.855033,-1.6981976,-3.9993024
1766255605.6342416,3.8634953,-1.7158148,-3.9993432
1766255605.7342181,3.8716762,-1.7328467,-3.9993825
1766255605.8342721,3.8795762,-1.7492936,-3.9994206
1766255605.934188,3.8871953,-1.7651553,-3.9994574
1766255606.034169,3.8945339,-1.7804334,-3.9994926
1766255606.1343389,3.9015927,-1.7951291,-3.9995265
1766255606.2343826,3.908373,-1.8092446,-3.9995592
1766255606.334284,3.9148757,-1.8227825,-3.9995904
1766255606.434419,3.9211025,-1.8357458,-3.9996204
1766255606.5346925,3.9270554,-1.8481386,-3.999649
1766255606.6345477,3.932736,-1.8599648,-3.9996765
1766255606.7346525,3.9381466,-1.8712296,-3.9997025
1766255606.8346488,3.9432907,-1.8819389,-3.9997272
1766255606.9346366,3.948171,-1.8920987,-3.9997506
1766255607.0346727,3.9527903,-1.9017153,-3.9997728
1766255607.1347713,3.9571524,-1.9107969,-3.9997938
1766255607.2348979,3.9612613,-1.9193511,-3.9998136
1766255607.3348787,3.9651213,-1.927387,-3.9998322
1766255607.4348931,3.9687366,-1.9349141,-3.9998496
1766255607.5348904,3.9721127,-1.9419422,-3.9998658
1766255607.6349955,3.975254,-1.9484823,-3.999881
1766255607.7351015,3.9781666,-1.9545457,-3.9998949
1766255607.8350036,3.980856,-1.9601448,-3.999908
1766255607.9350872,3.9833286,-1.9652927,-3.99992
1766255608.0351858,3.985591,-1.9700024,-3.9999306
1766255608.135281,3.98765,-1.9742887,-3.9999406
1766255608.235423,3.9895124,-1.9781663,-3.9999495
1766255608.3353138,3.9911866,-1.981652,-3.9999576
1766255608.435437,3.99268,-1.9847615,-3.9999647
1766255608.5354166,3.9940014,-1.9875124,-3.9999712
1766255608.635616,3.9951594,-1.9899228,-3.9999766
1766255608.7356343,3.9961627,-1.9920113,-3.9999816
1766255608.8355567,3.9970212,-1.9937985,-3.9999857
1766255608.9356804,3.9977446,-1.9953043,-3.999989
1766255609.0357351,3.998343,-1.9965503,-3.9999921
1766255609.1357722,3.9988272,-1.9975584,-3.9999943
1766255609.2359197,3.9992082,-1.9983518,-3.9999962
1766255609.3356543,3.9994974,-1.998954,-3.9999976
1766255609.435843,3.999707,-1.9993904,-3.9999986
1766255609.5361555,3.9998488,-1.9996855,-3.9999993
1766255609.6361516,3.9999356,-1.9998662,-3.9999998
1766255609.736093,3.999981,-1.9999602,-4.0
1766255609.835995,3.9999976,-1.999995,-4.0
1766255609.936159,4.0,-2.0000002,-4.0
1766255610.1363013,4.083489,-2.0830698,-3.921736
1766255610.2362204,4.0834913,-2.0830648,-3.921736
1766255610.3362396,4.083508,-2.0830295,-3.9217367
1766255610.436239,4.0835524,-2.082935,-3.9217386
1766255610.5363972,4.0836377,-2.082753,-3.921742
1766255610.6365998,4.0837774,-2.0824554,-3.9217477
1766255610.7364972,4.0839834,-2.0820165,-3.9217563
1766255610.8364925,4.084268,-2.0814097,-3.9217677
1766255610.936605,4.084643,-2.080611,-3.9217832
1766255611.0366616,4.0851197,-2.0795958,-3.9218025
1766255611.13692,4.0857086,-2.078341,-3.9218266
1766255611.236947,4.08642,-2.0768247,-3.9218557
1766255611.3368664,4.087265,-2.075025,-3.9218903
1766255611.4369023,4.0882525,-2.0729215,-3.9219306
1766255611.5367785,4.0893917,-2.0704942,-3.921977
1766255611.637072,4.090692,-2.067724,-3.9220302
1766255611.736981,4.0921617,-2.0645928,-3.92209
1766255611.8369458,4.093809,-2.061083,-3.9221575
1766255611.9371362,4.095642,-2.057178,-3.9222324
1766255612.0373416,4.097668,-2.0528615,-3.9223151
1766255612.1373544,4.099894,-2.0481188,-3.922406
1766255612.2371354,4.1023273,-2.042935,-3.9225054
1766255612.3373272,4.104974,-2.0372965,-3.9226134
1766255612.4374766,4.10784,-2.0311906,-3.9227304
1766255612.5375018,4.1109314,-2.0246048,-3.9228566
1766255612.6373765,4.114253,-2.0175273,-3.9229922
1766255612.737504,4.117811,-2.0099475,-3.9231377
1766255612.8374536,4.121609,-2.0018554,-3.9232926
1766255612.9375384,4.125653,-1.9932411,-3.9234579
1766255613.0374699,4.1299453,-1.9840959,-3.923633
1766255613.1377144,4.134491,-1.9744116,-3.9238188
1766255613.2376413,4.139293,-1.9641808,-3.9240148
1766255613.3377788,4.144355,-1.9533967,-3.9242215
1766255613.437676,4.1496797,-1.9420527,-3.924439
1766255613.5378802,4.1552696,-1.9301435,-3.9246674
1766255613.638022,4.161127,-1.9176639,-3.9249065
1766255613.7380655,4.1672544,-1.9046097,-3.9251568
1766255613.837817,4.1736536,-1.8909769,-3.9254181
1766255613.937967,4.1803255,-1.8767624,-3.9256904
1766255614.0380855,4.1872716,-1.8619636,-3.9259741
1766255614.1382189,4.1944933,-1.8465784,-3.926269
1766255614.2381554,4.2019906,-1.8306053,-3.9265752
1766255614.3382795,4.2097645,-1.8140433,-3.9268928
1766255614.438156,4.217815,-1.7968919,-3.9272215
1766255614.5382342,4.226142,-1.7791514,-3.9275615
1766255614.6383317,4.2347455,-1.7608225,-3.9279127
1766255614.7384088,4.243624,-1.7419062,-3.9282753
1766255614.8383641,4.252778,-1.7224042,-3.9286492
1766255614.9385042,4.262206,-1.7023188,-3.9290342
1766255615.0385096,4.2719064,-1.6816523,-3.9294302
1766255615.13859,4.281878,-1.6604083,-3.9298375
1766255615.2385,4.292119,-1.6385901,-3.9302557
1766255615.3385546,4.3026276,-1.6162018,-3.9306848
1766255615.438656,4.3134017,-1.5932479,-3.931125
1766255615.5387475,4.324439,-1.5697331,-3.9315755
1766255615.6387792,4.3357368,-1.5456634,-3.9320369
1766255615.7387617,4.3472924,-1.5210441,-3.932509
1766255615.8388977,4.359103,-1.4958816,-3.9329913
1766255615.939344,4.3711658,-1.4701825,-3.9334838
1766255616.0388987,4.383477,-1.4439538,-3.9339864
1766255616.1392584,4.396034,-1.4172027,-3.9344993
1766255616.2390141,4.4088316,-1.3899374,-3.9350219
1766255616.339005,4.421867,-1.3621657,-3.9355543
1766255616.4390404,4.435136,-1.3338963,-3.9360962
1766255616.5393147,4.4486346,-1.3051379,-3.9366474
1766255616.6394181,4.4623585,-1.2758996,-3.9372077
1766255616.739368,4.476303,-1.2461911,-3.9377773
1766255616.839274,4.4904637,-1.2160224,-3.9383554
1766255616.939656,4.5048356,-1.1854033,-3.9389424
1766255617.0393949,4.519414,-1.1543446,-3.9395378
1766255617.1394184,4.5341935,-1.1228569,-3.9401412
1766255617.2395577,4.5491695,-1.0909512,-3.940753
1766255617.3395228,4.5643363,-1.0586386,-3.9413722
1766255617.4398468,4.5796885,-1.025931,-3.9419992
1766255617.539805,4.595221,-0.9928402,-3.9426334
1766255617.6399112,4.610927,-0.95937824,-3.9432747
1766255617.7397144,4.626802,-0.9255575,-3.943923
1766255617.8396955,4.6428394,-0.89139044,-3.944578
1766255617.9397902,4.6590333,-0.85688984,-3.9452393
1766255618.0398314,4.675378,-0.82206845,-3.9459069
1766255618.1399496,4.6918664,-0.7869401,-3.9465802
1766255618.2398295,4.7084928,-0.75151765,-3.9472592
1766255618.3399606,4.725251,-0.7158148,-3.9479434
1766255618.4400573,4.7421346,-0.67984533,-3.948633
1766255618.540173,4.759136,-0.6436231,-3.9493272
1766255618.640176,4.7762504,-0.6071619,-3.950026
1766255618.7402763,4.79347,-0.5704764,-3.9507294
1766255618.840265,4.810788,-0.5335808,-3.9514365
1766255618.9402432,4.828198,-0.49648964,-3.9521475
1766255619.0403936,4.8456926,-0.4592172,-3.9528618
1766255619.1405032,4.863266,-0.42177856,-3.9535794
1766255619.2402744,4.88091,-0.38418794,-3.9543002
1766255619.3405745,4.898618,-0.34646094,-3.9550233
1766255619.440531,4.9163837,-0.30861235,-3.9557488
1766255619.5405598,4.9341993,-0.27065694,-3.9564762
1766255619.6409159,4.952058,-0.2326101,-3.9572055
1766255619.7404838,4.969952,-0.19448686,-3.9579363
1766255619.8406963,4.987875,-0.15630221,-3.9586682
1766255619.940756,5.0058193,-0.11807191,-3.959401
1766255620.0407088,5.0237784,-0.079811096,-3.9601343
1766255620.1409342,5.041744,-0.0415349,-3.960868
1766255620.240954,5.0597105,-0.0032587051,-3.9616017
1766255620.340841,5.0776696,0.03500223,-3.962335
1766255620.4408216,5.095614,0.07323241,-3.9630678
1766255620.5408998,5.113537,0.11141682,-3.9637997
1766255620.6411142,5.131431,0.14954019,-3.9645305
1766255620.7411642,5.1492896,0.18758702,-3.9652598
1766255620.8411646,5.167105,0.22554255,-3.9659872
1766255620.941206,5.1848707,0.26339126,-3.9667127
1766255621.0412498,5.202579,0.3011186,-3.9674358
1766255621.141391,5.2202234,0.33870864,-3.9681566
1766255621.2414868,5.2377963,0.3761475,-3.9688742
1766255621.3412123,5.255291,0.41341996,-3.9695885
1766255621.4414003,5.2727013,0.45051122,-3.9702995
1766255621.54151,5.290019,0.48740673,-3.9710066
1766255621.6413867,5.3072386,0.5240922,-3.97171
1766255621.7416334,5.3243523,0.5605531,-3.9724088
1766255621.8414304,5.3413544,0.5967753,-3.973103
1766255621.9415817,5.3582377,0.6327448,-3.9737926
1766255622.0416725,5.374996,0.6684482,-3.9744768
1766255622.1417806,5.3916225,0.70387053,-3.9751558
1766255622.2422705,5.4081116,0.7389989,-3.9758291
1766255622.3418329,5.4244556,0.77382016,-3.9764967
1766255622.4418397,5.4406495,0.80832076,-3.977158
1766255622.5417874,5.456687,0.8424876,-3.9778128
1766255622.6419594,5.472562,0.87630844,-3.9784613
1766255622.7423906,5.488268,0.9097705,-3.9791026
1766255622.841878,5.5038004,0.9428611,-3.9797368
1766255622.9420578,5.5191526,0.97556853,-3.9803638
1766255623.042176,5.5343194,1.0078812,-3.980983
1766255623.142341,5.5492954,1.0397868,-3.9815948
1766255623.2421756,5.564075,1.0712745,-3.9821982
1766255623.3421497,5.5786533,1.1023338,-3.9827936
1766255623.44241,5.593025,1.1329527,-3.9833806
1766255623.5424054,5.607186,1.1631215,-3.9839587
1766255623.6423652,5.6211305,1.1928298,-3.9845283
1766255623.7424824,5.6348543,1.2220681,-3.9850886
1766255623.8425093,5.6483526,1.2508264,-3.9856398
1766255623.9425023,5.661622,1.2790959,-3.9861817
1766255624.042398,5.674658,1.3068676,-3.9867141
1766255624.142731,5.687455,1.3341329,-3.9872367
1766255624.242673,5.7000117,1.3608837,-3.9877496
1766255624.3425615,5.712323,1.3871126,-3.9882522
1766255624.4428606,5.7243857,1.4128118,-3.9887447
1766255624.5425603,5.7361965,1.4379745,-3.989227
1766255624.6431246,5.747752,1.4625938,-3.9896991
1766255624.7429845,5.7590504,1.4866636,-3.9901605
1766255624.842848,5.7700872,1.5101781,-3.990611
1766255624.9428818,5.7808614,1.5331321,-3.9910512
1766255625.042871,5.7913704,1.5555203,-3.9914804
1766255625.1430264,5.801611,1.5773385,-3.9918985
1766255625.2429738,5.8115826,1.5985825,-3.9923058
1766255625.343031,5.8212833,1.6192489,-3.9927018
1766255625.4431832,5.830711,1.6393342,-3.9930868
1766255625.543109,5.8398647,1.6588364,-3.9934607
1766255625.6432147,5.8487434,1.6777527,-3.9938233
1766255625.743316,5.8573465,1.6960816,-3.9941745
1766255625.8432715,5.865674,1.7138224,-3.9945145
1766255625.9432757,5.8737245,1.7309735,-3.9948432
1766255626.043496,5.8814983,1.7475355,-3.9951608
1766255626.1434972,5.8889956,1.7635088,-3.995467
1766255626.2436552,5.8962173,1.7788937,-3.9957619
1766255626.3435216,5.9031634,1.7936926,-3.9960456
1766255626.443558,5.9098353,1.8079071,-3.9963179
1766255626.5435426,5.9162345,1.8215396,-3.9965792
1766255626.6438558,5.922362,1.834594,-3.9968295
1766255626.7437088,5.9282193,1.8470736,-3.9970686
1766255626.8436904,5.9338093,1.858983,-3.997297
1766255626.9437592,5.9391336,1.8703268,-3.9975145
1766255627.0438316,5.9441957,1.8811111,-3.9977212
1766255627.1440039,5.948998,1.8913419,-3.9979172
1766255627.244004,5.9535437,1.901026,-3.998103
1766255627.3439445,5.957836,1.9101713,-3.9982781
1766255627.4441175,5.9618797,1.9187856,-3.9984434
1766255627.5440247,5.9656777,1.926878,-3.9985983
1766255627.6442335,5.9692354,1.9344578,-3.9987438
1766255627.7440891,5.9725575,1.941535,-3.9988794
1766255627.8441062,5.975649,1.9481211,-3.9990056
1766255627.9442675,5.9785147,1.954227,-3.9991226
1766255628.0443122,5.9811616,1.9598651,-3.9992306
1766255628.144291,5.983595,1.9650488,-3.99933
1766255628.2442482,5.985821,1.9697919,-3.999421
1766255628.3443427,5.987847,1.9741082,-3.9995036
1766255628.4444048,5.98968,1.978013,-3.9995785
1766255628.544443,5.9913273,1.981523,-3.999646
1766255628.6446207,5.992797,1.9846544,-3.9997058
1766255628.744571,5.994097,1.9874244,-3.999759
1766255628.8445406,5.9952364,1.989852,-3.9998055
1766255628.9447007,5.996224,1.9919553,-3.9998457
1766255629.0446708,5.9970684,1.9937549,-3.9998803
1766255629.1447635,5.9977803,1.9952712,-3.9999094
1766255629.2447596,5.998369,1.9965258,-3.9999335
1766255629.3448596,5.998846,1.9975414,-3.9999528
1766255629.4451168,5.999221,1.9983401,-3.9999683
1766255629.5448484,5.9995055,1.9989467,-3.9999797
1766255629.645153,5.9997115,1.9993858,-3.9999883
1766255629.7448435,5.999851,1.9996829,-3.999994
1766255629.8451927,5.9999366,1.999865,-3.9999974
1766255629.9450905,5.999981,1.99996,-3.9999993
1766255630.0454128,5.9999976,1.9999948,-4.0
1766255630.1455133,6.0,2.0,-4.0
1766255630.3451567,6.0532293,2.087394,-4.026086
1766255630.445227,6.0532317,2.087389,-4.026086
1766255630.5452635,6.0532484,2.0873537,-4.0260854
1766255630.64527,6.0532937,2.087259,-4.026085
1766255630.7454062,6.0533805,2.0870767,-4.026084
1766255630.845428,6.053522,2.086779,-4.026082
1766255630.945453,6.0537314,2.0863395,-4.026079
1766255631.0456152,6.054021,2.0857322,-4.0260754
1766255631.1457233,6.054402,2.0849326,-4.02607
1766255631.2456906,6.054886,2.0839162,-4.0260634
1766255631.3456092,6.055484,2.0826602,-4.026056
1766255631.4459317,6.0562067,2.0811422,-4.026046
1766255631.5457168,6.057065,2.0793407,-4.0260344
1766255631.645923,6.058068,2.077235,-4.026021
1766255631.745752,6.059225,2.074805,-4.0260057
1766255631.845886,6.060546,2.072032,-4.0259876
1766255631.9458742,6.062039,2.0688975,-4.0259676
1766255632.0459216,6.0637126,2.065384,-4.025945
1766255632.145917,6.065574,2.0614748,-4.0259204
1766255632.2459607,6.067632,2.0571537,-4.0258927
1766255632.346054,6.069894,2.0524058,-4.0258627
1766255632.4465995,6.0723653,2.0472167,-4.0258293
1766255632.5463488,6.0750537,2.0415723,-4.0257936
1766255632.6461608,6.077965,2.03546,-4.0257545
1766255632.7461784,6.0811048,2.028867,-4.0257125
1766255632.8462045,6.0844793,2.0217822,-4.025667
1766255632.946337,6.0880933,2.0141945,-4.0256186
1766255633.0464942,6.091952,2.0060935,-4.025567
1766255633.146319,6.096059,1.9974701,-4.0255117
1766255633.2464223,6.100419,1.9883152,-4.0254536
1766255633.3464503,6.1050367,1.9786208,-4.0253916
1766255633.4465384,6.1099143,1.9683791,-4.0253263
1766255633.546707,6.1150565,1.9575835,-4.0252576
1766255633.6466289,6.120465,1.9462276,-4.025185
1766255633.7466528,6.1261435,1.9343057,-4.025109
1766255633.8468564,6.1320934,1.921813,-4.025029
1766255633.946862,6.1383176,1.9087448,-4.0249457
1766255634.046847,6.1448174,1.8950977,-4.0248585
1766255634.1467745,6.1515946,1.8808682,-4.024768
1766255634.2470486,6.158651,1.8660537,-4.0246735
1766255634.3468306,6.165986,1.8506521,-4.0245748
1766255634.4469385,6.173602,1.8346621,-4.0244727
1766255634.547043,6.1814985,1.8180826,-4.0243673
1766255634.6471205,6.1896763,1.8009131,-4.0242577
1766255634.7470074,6.198135,1.7831538,-4.024144
1766255634.8471096,6.206874,1.7648056,-4.024027
1766255634.9471722,6.2158933,1.7458692,-4.023906
1766255635.0474179,6.2251916,1.7263465,-4.023782
1766255635.1471753,6.234768,1.7062397,-4.0236535
1766255635.247264,6.2446213,1.6855514,-4.0235214
1766255635.3472533,6.2547507,1.664285,-4.0233855
1766255635.4474359,6.2651534,1.6424435,-4.0232463
1766255635.5475297,6.275828,1.6200316,-4.023103
1766255635.6475325,6.286772,1.5970533,-4.0229564
1766255635.7474432,6.2979836,1.5735137,-4.022806
1766255635.847612,6.3094597,1.5494184,-4.0226526
1766255635.9474542,6.321198,1.5247731,-4.0224953
1766255636.0476408,6.333195,1.499584,-4.0223346
1766255636.1475112,6.3454485,1.4738576,-4.02217
1766255636.2477436,6.357954,1.4476011,-4.0220027
1766255636.3477528,6.370709,1.4208217,-4.021832
1766255636.4478507,6.3837085,1.3935275,-4.0216575
1766255636.5480382,6.39695,1.3657265,-4.02148
1766255636.6480083,6.4104285,1.3374271,-4.0212994
1766255636.7479463,6.4241405,1.3086382,-4.021116
1766255636.8480546,6.438081,1.2793691,-4.020929
1766255636.9500449,6.4522457,1.249629,-4.020739
1766255637.0480583,6.4666295,1.2194284,-4.0205464
1766255637.14837,6.4812284,1.188777,-4.020351
1766255637.2481172,6.496037,1.1576853,-4.0201526
1766255637.3483036,6.51105,1.1261642,-4.0199513
1766255637.4482424,6.5262623,1.0942247,-4.0197473
1766255637.5483851,6.541669,1.0618778,-4.019541
1766255637.6484005,6.5572634,1.0291357,-4.019332
1766255637.748338,6.573041,0.9960098,-4.0191207
1766255637.8495758,6.5889955,0.9625125,-4.0189066
1766255637.948415,6.6051207,0.928656,-4.0186906
1766255638.0484724,6.6214113,0.8944527,-4.0184727
1766255638.1486871,6.637861,0.8599155,-4.018252
1766255638.2484932,6.6544633,0.82505727,-4.0180297
1766255638.3485873,6.671212,0.7898917,-4.017805
1766255638.4487405,6.6881013,0.7544317,-4.017579
1766255638.548861,6.705124,0.7186911,-4.0173507
1766255638.6487117,6.722274,0.68268347,-4.017121
1766255638.7487097,6.7395444,0.64642286,-4.0168896
1766255638.848765,6.756929,0.6099231,-4.0166564
1766255638.948932,6.7744203,0.5731988,-4.0164223
1766255639.0488322,6.7920117,0.53626406,-4.0161867
1766255639.1491034,6.809696,0.4991337,-4.0159497
1766255639.2488453,6.8274674,0.4618218,-4.0157113
1766255639.3489754,6.845318,0.42434335,-4.0154724
1766255639.4491596,6.8632407,0.38671303,-4.015232
1766255639.549,6.8812284,0.3489461,-4.014991
1766255639.6491327,6.899275,0.31105745,-4.014749
1766255639.7489903,6.9173713,0.27306187,-4.014507
1766255639.8491468,6.9355116,0.23497462,-4.0142636
1766255639.9492197,6.9536886,0.19681096,-4.01402
1766255640.0494552,6.9718947,0.1585859,-4.0137763
1766255640.1495054,6.9901223,0.120315194,-4.0135317
1766255640.2492528,7.0083647,0.082013845,-4.0132875
1766255640.3493602,7.0266147,0.04369712,-4.013043
1766255640.449737,7.0448647,0.005380392,-4.0127983
1766255640.549531,7.063107,-0.032921076,-4.012554
1766255640.6495261,7.0813346,-0.07119179,-4.0123096
1766255640.7494342,7.0995407,-0.109416485,-4.012066
1766255640.8494825,7.1177177,-0.14758039,-4.011822
1766255640.9495358,7.1358576,-0.18566728,-4.011579
1766255641.0498614,7.153955,-0.22366333,-4.011337
1766255641.1496496,7.172001,-0.2615521,-4.011095
1766255641.2497237,7.1899886,-0.29931927,-4.010854
1766255641.3497884,7.2079115,-0.3369491,-4.0106134
1766255641.4497535,7.225762,-0.37442756,-4.0103745
1766255641.5499134,7.243533,-0.41173935,-4.010136
1766255641.6499586,7.2612176,-0.44886994,-4.009899
1766255641.7497928,7.2788095,-0.4858048,-4.0096636
1766255641.8499076,7.2963004,-0.5225289,-4.0094295
1766255641.9500043,7.3136845,-0.5590284,-4.0091963
1766255642.050142,7.330955,-0.595289,-4.008965
1766255642.150166,7.3481054,-0.63129663,-4.008735
1766255642.24998,7.365128,-0.6670377,-4.008507
1766255642.3501542,7.382017,-0.7024975,-4.0082808
1766255642.4501927,7.398766,-0.73766327,-4.008056
1766255642.5503654,7.4153686,-0.77252126,-4.007834
1766255642.6503086,7.431818,-0.80705833,-4.007613
1766255642.7502449,7.4481087,-0.8412616,-4.0073953
1766255642.850363,7.4642344,-0.87511826,-4.0071793
1766255642.9504027,7.4801884,-0.9086156,-4.006965
1766255643.0504196,7.495966,-0.94174147,-4.006754
1766255643.1505442,7.5115604,-0.9744835,-4.006545
1766255643.250413,7.5269666,-1.0068302,-4.0063386
1766255643.3504531,7.542179,-1.0387697,-4.0061345
1766255643.4505053,7.557192,-1.0702908,-4.0059333
1766255643.5508316,7.572001,-1.1013827,-4.005735
1766255643.650854,7.5866,-1.1320343,-4.0055394
1766255643.7506793,7.6009836,-1.162235,-4.005347
1766255643.8506582,7.6151485,-1.1919749,-4.005157
1766255643.9508247,7.6290894,-1.2212439,-4.00497
1766255644.050965,7.642801,-1.2500327,-4.0047865
1766255644.15095,7.6562796,-1.2783322,-4.004606
1766255644.2508395,7.669521,-1.3061333,-4.0044284
1766255644.3509798,7.6825204,-1.3334274,-4.004254
1766255644.450984,7.6952753,-1.3602068,-4.004083
1766255644.551188,7.707781,-1.3864632,-4.003916
1766255644.6512222,7.7200336,-1.4121895,-4.0037513
1766255644.7509837,7.7320313,-1.4373789,-4.0035906
1766255644.8510952,7.7437696,-1.4620245,-4.003433
1766255644.9514105,7.7552457,-1.4861195,-4.0032797
1766255645.0512486,7.7664576,-1.509659,-4.0031295
1766255645.151377,7.7774014,-1.5326374,-4.0029826
1766255645.2513216,7.7880764,-1.5550494,-4.0028396
1766255645.351337,7.798479,-1.5768907,-4.0027003
1766255645.4513721,7.808608,-1.5981572,-4.0025644
1766255645.5521014,7.8184614,-1.6188455,-4.0024323
1766255645.651426,7.8280377,-1.638952,-4.002304
1766255645.7515054,7.837336,-1.6584747,-4.0021796
1766255645.8515768,7.8463554,-1.6774111,-4.002059
1766255645.9514294,7.8550944,-1.6957595,-4.0019417
1766255646.0517294,7.863553,-1.7135191,-4.001828
1766255646.1519666,7.871731,-1.7306883,-4.0017185
1766255646.2517228,7.879627,-1.747268,-4.001613
1766255646.3518426,7.8872433,-1.763258,-4.001511
1766255646.451816,7.8945785,-1.7786593,-4.0014124
1766255646.5519164,7.9016347,-1.793474,-4.001318
1766255646.6519418,7.908412,-1.8077035,-4.0012274
1766255646.7518692,7.9149117,-1.8213506,-4.00114
1766255646.851913,7.921136,-1.8344188,-4.0010567
1766255646.952095,7.927086,-1.8469114,-4.000977
1766255647.0522285,7.932764,-1.8588333,-4.0009007
1766255647.1519985,7.938173,-1.8701892,-4.0008283
1766255647.252143,7.943315,-1.880985,-4.0007596
1766255647.3521879,7.9481926,-1.8912265,-4.0006943
1766255647.4521077,7.9528103,-1.9009211,-4.0006323
1766255647.5522635,7.9571705,-1.9100759,-4.000574
1766255647.6522608,7.961278,-1.9186995,-4.000519
1766255647.7523787,7.965136,-1.9268,-4.0004673
1766255647.8522375,7.96875,-1.9343879,-4.0004187
1766255647.9527442,7.9721246,-1.9414728,-4.0003734
1766255648.0523086,7.9752645,-1.9480655,-4.0003314
1766255648.1526604,7.9781756,-1.9541781,-4.0002923
1766255648.2524595,7.980864,-1.9598224,-4.0002565
1766255648.3526049,7.9833355,-1.9650118,-4.000223
1766255648.4524682,7.985597,-1.9697597,-4.000193
1766255648.5525503,7.987655,-1.9740803,-4.0001655
1766255648.6524887,7.9895167,-1.9779899,-4.0001407
1766255648.7527463,7.9911904,-1.9815032,-4.0001183
1766255648.8527985,7.9926834,-1.984638,-4.000098
1766255648.9527774,7.9940042,-1.9874108,-4.00008
1766255649.0528889,7.9951615,-1.9898407,-4.000065
1766255649.152869,7.9961643,-1.9919465,-4.0000515
1766255649.2528138,7.9970226,-1.993748,-4.00004
1766255649.3529003,7.9977455,-1.9952662,-4.00003
1766255649.4529011,7.9983435,-1.9965222,-4.0000224
1766255649.5530088,7.998828,-1.9975383,-4.0000157
1766255649.6529067,7.9992085,-1.998338,-4.0000105
1766255649.7531552,7.999498,-1.9989455,-4.0000067
1766255649.8531744,7.999707,-1.9993846,-4.000004
1766255649.9531329,7.999849,-1.9996827,-4.000002
1766255650.0535307,7.9999356,-1.9998648,-4.000001
1766255650.153171,7.999981,-1.9999597,-4.0000005
1766255650.2532709,7.9999976,-1.9999945,-4.0
1766255650.3532581,8.0,-1.9999998,-4.0
